diagnosis,num_claims,total_cost,avg_cost_per_claim,unique_beneficiaries
V5789,1772,28421600.0,16039.0,1712
0389,1602,24410390.0,15237.0,1560
41401,1596,23847800.0,14942.0,1560
486,2394,17101860.0,7144.0,2312
41071,1124,14809630.0,13176.0,1091
51881,795,14232900.0,17903.0,777
71536,1101,13133020.0,11928.0,1081
4280,1378,11069900.0,8033.0,1341
49121,1520,9999300.0,6578.0,1455
5849,1064,8624900.0,8106.0,1038
5070,691,8624900.0,12482.0,680
43491,1029,8398820.0,8162.0,999
42731,1210,7781500.0,6431.0,1185
5990,1360,7543360.0,5547.0,1331
4241,188,6150000.0,32713.0,188
82021,489,5686000.0,11628.0,486
51884,329,5167000.0,15705.0,322
71535,409,4785000.0,11699.0,407
42823,505,4590100.0,9089.0,499
42781,313,4484300.0,14327.0,312
71596,334,4108400.0,12301.0,334
8208,300,3668400.0,12228.0,300
56081,232,3648200.0,15725.0,232
4414,170,3648000.0,21459.0,167
72402,270,3495000.0,12944.0,270
41519,358,3476300.0,9710.0,357
6826,526,3382600.0,6431.0,520
7802,689,3282500.0,4764.0,683
56211,356,3180600.0,8934.0,352
99859,256,3053000.0,11926.0,253
82009,245,3035300.0,12389.0,245
5770,364,3004900.0,8255.0,364
43310,405,2978000.0,7353.0,402
00845,304,2976000.0,9789.0,300
27651,607,2876600.0,4739.0,604
5789,409,2876010.0,7032.0,406
03842,222,2768000.0,12468.0,221
42833,336,2680100.0,7976.0,331
3310,277,2565300.0,9261.0,276
78659,701,2491290.0,3554.0,694
4240,55,2488000.0,45236.0,55
1623,148,2403200.0,16238.0,147
40391,152,2359500.0,15523.0,150
25080,273,2314000.0,8476.0,272
49122,383,2284300.0,5964.0,380
431,171,2267000.0,13257.0,171
03849,142,2245000.0,15810.0,142
29570,287,2206560.0,7688.0,278
41011,115,2186000.0,19009.0,115
72252,128,2182700.0,17052.0,128
73313,195,2142900.0,10989.0,195
5609,321,2139500.0,6665.0,320
49322,346,2124100.0,6139.0,338
57400,194,2097300.0,10811.0,194
41041,138,2073000.0,15022.0,138
99662,154,2059200.0,13371.0,151
4271,148,1988200.0,13434.0,148
99673,116,1975000.0,17026.0,114
4359,486,1969900.0,4053.0,483
42789,280,1956450.0,6987.0,279
44024,111,1882000.0,16955.0,111
4260,103,1744000.0,16932.0,103
45341,204,1727200.0,8467.0,204
72210,175,1691000.0,9663.0,175
71516,142,1677000.0,11810.0,142
0380,99,1622000.0,16384.0,99
71595,137,1609300.0,11747.0,137
56212,221,1594200.0,7214.0,221
5119,157,1582000.0,10076.0,156
43411,169,1535800.0,9088.0,168
42821,186,1515100.0,8146.0,186
V5811,120,1504000.0,12533.0,119
25070,90,1480000.0,16444.0,90
44021,120,1479100.0,12326.0,120
03811,92,1475000.0,16033.0,92
85221,89,1434000.0,16112.0,89
7213,98,1398300.0,14268.0,98
2761,266,1397800.0,5255.0,265
99666,91,1393000.0,15308.0,91
29633,161,1355400.0,8419.0,160
42831,173,1334500.0,7714.0,172
2767,164,1314300.0,8014.0,164
03812,66,1309000.0,19833.0,66
42843,159,1277190.0,8033.0,159
42732,162,1220000.0,7531.0,162
1625,88,1211000.0,13761.0,88
70703,76,1202000.0,15816.0,76
57410,120,1194000.0,9950.0,120
78650,336,1186180.0,3530.0,335
185,154,1184800.0,7694.0,154
3962,35,1182000.0,33771.0,35
7384,55,1176000.0,21382.0,55
2113,77,1173000.0,15234.0,77
99642,84,1168000.0,13905.0,84
2948,122,1157700.0,9489.0,122
99672,80,1152300.0,14404.0,80
5589,261,1118100.0,4284.0,260
1629,105,1112000.0,10590.0,105
1983,86,1107000.0,12872.0,86
430,50,1100000.0,22000.0,50
515,83,1068000.0,12867.0,83
0388,58,1059000.0,18259.0,58
41091,95,1054000.0,11095.0,95
41402,80,1049000.0,13113.0,80
99664,118,1038000.0,8797.0,117
99674,69,1030500.0,14935.0,69
42830,133,1025600.0,7711.0,133
99649,64,1008000.0,15750.0,64
8054,111,980300.0,8832.0,111
41400,155,980000.0,6323.0,155
5781,133,971700.0,7306.0,132
5601,159,965900.0,6075.0,159
4210,41,961000.0,23439.0,41
4148,44,958800.0,21791.0,43
44023,71,936000.0,13183.0,71
4821,71,929000.0,13085.0,71
2989,115,910560.0,7918.0,115
5579,103,900600.0,8744.0,102
20500,39,900000.0,23077.0,39
99931,76,891000.0,11724.0,75
1890,67,882200.0,13167.0,67
99641,54,882000.0,16333.0,54
4580,225,878100.0,3903.0,225
99661,43,878000.0,20419.0,43
53140,127,864100.0,6804.0,127
56983,32,864000.0,27000.0,32
40491,94,857000.0,9117.0,94
29530,105,852400.0,8118.0,105
34590,147,834200.0,5675.0,147
7211,64,829000.0,12953.0,64
1977,72,828000.0,11500.0,72
5715,67,807600.0,12054.0,67
82022,62,803000.0,12952.0,62
85220,50,800000.0,16000.0,50
1534,44,793000.0,18023.0,44
78039,132,791970.0,6000.0,132
29534,102,789100.0,7736.0,102
4589,97,782200.0,8064.0,97
42822,42,779000.0,18548.0,42
27801,71,779000.0,10972.0,71
99811,67,775000.0,11567.0,67
71531,69,768000.0,11130.0,69
78097,163,762600.0,4679.0,163
55321,77,759780.0,9867.0,77
7907,65,753300.0,11589.0,65
8082,137,750080.0,5475.0,135
1985,73,750000.0,10274.0,73
2859,150,749900.0,4999.0,149
20300,40,746000.0,18650.0,40
5722,95,745000.0,7842.0,95
5185,43,742900.0,17277.0,43
4254,37,742000.0,20054.0,37
56089,77,737000.0,9571.0,77
4660,160,731500.0,4572.0,159
40291,92,729000.0,7924.0,92
48241,54,728000.0,13481.0,53
1536,48,712000.0,14833.0,48
28800,69,695000.0,10072.0,68
1533,37,689000.0,18622.0,37
8052,62,683000.0,11016.0,62
44422,48,683000.0,14229.0,48
7210,61,680000.0,11148.0,61
55221,48,670000.0,13958.0,48
1820,71,665000.0,9366.0,70
29650,87,664900.0,7643.0,87
44022,48,664500.0,13844.0,48
5602,35,664000.0,18971.0,35
43311,80,661000.0,8263.0,80
34831,70,656000.0,9371.0,70
71515,52,655000.0,12596.0,52
48242,53,651000.0,12283.0,52
99681,60,649000.0,10817.0,59
5570,51,642000.0,12588.0,51
4321,52,632900.0,12171.0,52
60001,142,631000.0,4444.0,142
53783,74,621800.0,8403.0,74
2536,85,616600.0,7254.0,85
5921,104,614500.0,5909.0,104
99812,56,614400.0,10971.0,56
5109,26,614000.0,23615.0,26
29574,74,600000.0,8108.0,74
0088,127,595000.0,4685.0,127
29620,66,594700.0,9011.0,66
48283,57,592000.0,10386.0,57
03819,37,590000.0,15946.0,37
99883,32,588000.0,18375.0,32
25060,64,587000.0,9172.0,63
45340,71,586000.0,8254.0,71
99604,26,583000.0,22423.0,26
1540,34,580000.0,17059.0,34
73027,37,574000.0,15514.0,37
1541,44,574000.0,13045.0,44
45342,78,573400.0,7351.0,78
6822,74,572000.0,7730.0,74
25082,73,567500.0,7774.0,73
1830,39,565000.0,14487.0,38
4019,130,564100.0,4339.0,129
53240,74,564000.0,7622.0,74
9961,37,558000.0,15081.0,37
5845,66,556000.0,8424.0,66
8244,52,552000.0,10615.0,52
5750,60,550700.0,9178.0,60
25002,89,549200.0,6171.0,88
82101,43,546000.0,12698.0,42
6827,75,544000.0,7253.0,75
41001,34,543000.0,15971.0,34
1570,29,538000.0,18552.0,29
1970,45,537000.0,11933.0,45
042,40,526000.0,13150.0,38
49392,113,525600.0,4651.0,113
53081,93,523000.0,5624.0,93
59080,95,522000.0,5495.0,95
2809,98,519000.0,5296.0,98
3963,13,517000.0,39769.0,13
29630,73,514900.0,7053.0,73
5712,44,512000.0,11636.0,44
34982,46,511000.0,11109.0,46
0382,29,511000.0,17621.0,29
99647,30,510000.0,17000.0,30
72888,79,510000.0,6456.0,79
5533,46,509000.0,11065.0,46
4439,36,506000.0,14056.0,36
4413,16,506000.0,31625.0,16
V571,34,504000.0,14824.0,34
29634,70,499500.0,7136.0,70
57420,64,496100.0,7752.0,64
29680,72,482900.0,6707.0,72
56969,34,478740.0,14081.0,34
34830,56,477000.0,8518.0,55
9974,56,476100.0,8502.0,56
5856,39,476000.0,12205.0,39
99669,31,473000.0,15258.0,31
7220,39,472000.0,12103.0,39
29690,56,467600.0,8350.0,56
5920,63,466700.0,7408.0,63
03840,28,465000.0,16607.0,28
1972,37,464700.0,12559.0,37
6823,77,463700.0,6022.0,77
99762,32,463000.0,14469.0,32
73342,40,463000.0,11575.0,40
51883,21,457000.0,21762.0,21
42613,33,455000.0,13788.0,33
4412,19,453000.0,23842.0,19
2800,75,449400.0,5992.0,75
99667,37,446000.0,12054.0,37
40390,58,446000.0,7690.0,58
72271,36,443300.0,12314.0,36
5128,40,442000.0,11050.0,40
V553,31,441000.0,14226.0,31
5400,27,441000.0,16333.0,27
481,46,435400.0,9465.0,46
03843,31,435200.0,14039.0,31
99644,35,435000.0,12429.0,35
3320,42,435000.0,10357.0,42
73730,10,434000.0,43400.0,10
73028,28,433000.0,15464.0,28
1539,26,429000.0,16500.0,26
9972,31,427000.0,13774.0,31
311,70,426200.0,6089.0,70
44101,22,425000.0,19318.0,22
39891,55,425000.0,7727.0,54
19889,33,423000.0,12818.0,33
42820,55,421000.0,7655.0,55
4552,55,418000.0,7600.0,55
75612,19,416000.0,21895.0,19
7230,34,415000.0,12206.0,34
82020,45,413000.0,9178.0,45
4372,35,412000.0,11771.0,35
56039,67,411500.0,6142.0,67
5691,34,409000.0,12029.0,34
9971,29,406000.0,14000.0,29
81200,39,404080.0,10361.0,39
99643,26,395000.0,15192.0,26
70705,23,393000.0,17087.0,23
4270,38,392000.0,10316.0,38
1579,37,391000.0,10568.0,37
78060,74,390000.0,5270.0,74
485,56,389100.0,6948.0,56
56985,58,388000.0,6690.0,58
25062,37,388000.0,10486.0,37
1976,30,385000.0,12833.0,30
41021,21,381000.0,18143.0,21
2766,57,379000.0,6649.0,57
4275,29,378300.0,13045.0,29
2760,51,374900.0,7351.0,51
44020,31,372000.0,12000.0,31
1889,38,372000.0,9789.0,38
4239,30,366800.0,12227.0,30
99678,27,362200.0,13415.0,27
53150,14,362000.0,25857.0,14
5370,20,361000.0,18050.0,20
82123,33,360000.0,10909.0,33
51181,31,360000.0,11613.0,31
41031,18,360000.0,20000.0,17
3315,35,359800.0,10280.0,35
99832,29,359000.0,12379.0,29
42741,22,358000.0,16273.0,22
7804,104,355090.0,3414.0,104
59010,63,354000.0,5619.0,63
53250,14,354000.0,25286.0,14
2851,61,354000.0,5803.0,61
71106,24,353000.0,14708.0,24
1749,62,351500.0,5669.0,62
99677,29,351000.0,12103.0,29
78791,58,349000.0,6017.0,58
25013,46,348000.0,7565.0,46
33182,40,347800.0,8695.0,40
29532,51,347800.0,6820.0,51
99671,11,347000.0,31545.0,11
2252,20,346000.0,17300.0,19
99601,32,345000.0,10781.0,32
5409,43,341200.0,7935.0,43
4168,35,338040.0,9658.0,35
V5332,13,338000.0,26000.0,13
29644,43,336900.0,7835.0,43
1550,24,336000.0,14000.0,24
1531,22,336000.0,15273.0,22
99769,21,334000.0,15905.0,21
3453,27,333000.0,12333.0,27
1628,26,333000.0,12808.0,26
99668,18,332000.0,18444.0,18
496,43,329800.0,7670.0,43
25040,28,326000.0,11643.0,28
1888,30,326000.0,10867.0,30
29181,79,321300.0,4067.0,78
53551,48,319000.0,6646.0,48
8080,27,318000.0,11778.0,27
1530,23,317000.0,13783.0,23
99665,29,316000.0,10897.0,29
78701,67,315800.0,4713.0,67
73382,26,315000.0,12115.0,26
53541,42,315000.0,7500.0,42
56213,37,313000.0,8459.0,37
7224,26,309000.0,11885.0,26
81201,38,305500.0,8039.0,38
4423,18,305000.0,16944.0,18
55010,29,303400.0,10462.0,29
78079,71,301000.0,4239.0,71
78009,52,301000.0,5788.0,52
5780,44,298000.0,6773.0,44
1510,19,298000.0,15684.0,19
56400,74,296900.0,4012.0,74
5693,57,296400.0,5200.0,57
29590,39,295000.0,7564.0,39
4829,43,294300.0,6844.0,43
82003,24,294000.0,12250.0,24
8246,37,292000.0,7892.0,37
45981,32,291000.0,9094.0,32
9982,18,290000.0,16111.0,18
20280,20,289010.0,14451.0,20
29654,34,288400.0,8482.0,34
490,51,284840.0,5585.0,51
80502,25,283000.0,11320.0,25
28262,49,280800.0,5731.0,49
5523,15,279000.0,18600.0,15
51889,21,278000.0,13238.0,21
4111,73,273700.0,3749.0,73
78900,62,273000.0,4403.0,62
7140,26,273000.0,10500.0,26
42841,34,273000.0,8029.0,34
8248,36,271000.0,7528.0,36
4373,17,270000.0,15882.0,17
99659,20,269000.0,13450.0,20
71591,24,269000.0,11208.0,24
25012,31,269000.0,8677.0,31
4329,28,266000.0,9500.0,28
9694,40,263000.0,6575.0,40
1975,10,262000.0,26200.0,10
03810,17,261000.0,15353.0,17
82002,15,260000.0,17333.0,15
2841,37,258000.0,6973.0,37
6824,38,257500.0,6776.0,38
V5331,23,257000.0,11174.0,23
70707,17,257000.0,15118.0,17
1622,22,257000.0,11682.0,22
2920,61,256700.0,4208.0,61
99646,17,256000.0,15059.0,17
57480,19,256000.0,13474.0,19
56962,18,254000.0,14111.0,18
34839,26,254000.0,9769.0,26
07999,45,254000.0,5644.0,45
5307,27,253000.0,9370.0,27
5401,25,252000.0,10080.0,24
2768,58,251600.0,4338.0,58
9975,26,251000.0,9654.0,26
5130,20,250000.0,12500.0,20
0383,14,250000.0,17857.0,14
70704,19,247000.0,13000.0,19
57450,27,247000.0,9148.0,27
56981,11,247000.0,22455.0,11
40493,26,247000.0,9500.0,26
7837,45,245300.0,5451.0,45
28489,19,245000.0,12895.0,19
73314,20,244000.0,12200.0,20
51189,16,244000.0,15250.0,16
53642,25,242000.0,9680.0,25
6184,44,241000.0,5477.0,44
5772,13,241000.0,18538.0,13
78909,39,239000.0,6128.0,39
7242,40,239000.0,5975.0,40
43889,34,238000.0,7000.0,34
43401,25,238000.0,9520.0,25
4820,20,236400.0,11820.0,20
7812,38,236000.0,6211.0,38
3241,8,234000.0,29250.0,8
6820,42,233000.0,5548.0,42
55220,26,232000.0,8923.0,26
29640,34,230900.0,6791.0,33
78652,48,230000.0,4792.0,48
78906,46,229600.0,4991.0,46
78609,39,229300.0,5879.0,39
29653,32,229100.0,7159.0,32
1532,9,229000.0,25444.0,9
5761,24,228000.0,9500.0,24
3960,5,228000.0,45600.0,5
8604,7,227000.0,32429.0,7
82120,19,227000.0,11947.0,19
5961,9,224000.0,24889.0,9
57510,22,224000.0,10182.0,22
1912,12,224000.0,18667.0,12
42612,19,223000.0,11737.0,19
7100,16,222000.0,13875.0,16
340,30,221500.0,7383.0,30
96509,27,221000.0,8185.0,27
72610,23,221000.0,9609.0,23
53550,50,220300.0,4406.0,50
80501,14,219000.0,15643.0,14
42832,29,218000.0,7517.0,29
56210,32,217100.0,6784.0,32
4401,20,217000.0,10850.0,20
0539,35,217000.0,6200.0,35
45829,39,215040.0,5514.0,39
57460,15,215000.0,14333.0,15
25072,14,215000.0,15357.0,14
28522,30,210000.0,7000.0,30
81209,18,207300.0,11517.0,18
5569,23,206700.0,8987.0,23
48282,13,205000.0,15769.0,13
41404,12,203000.0,16917.0,12
85201,27,202000.0,7481.0,27
29660,33,200100.0,6064.0,33
44421,13,200000.0,15385.0,13
5771,20,199000.0,9950.0,20
40301,19,199000.0,10474.0,19
4822,15,198000.0,13200.0,15
28803,23,197000.0,8565.0,23
5959,36,196200.0,5450.0,36
7244,22,196000.0,8909.0,22
5934,17,196000.0,11529.0,17
29632,25,195400.0,7816.0,25
9986,14,195000.0,13929.0,14
28521,36,195000.0,5417.0,36
82300,31,194000.0,6258.0,31
56881,10,194000.0,19400.0,10
29623,27,194000.0,7185.0,27
99939,11,193000.0,17545.0,11
3940,5,192000.0,38400.0,5
28731,15,192000.0,12800.0,15
73008,5,191000.0,38200.0,5
566,25,191000.0,7640.0,25
41405,10,191000.0,19100.0,10
4010,55,191000.0,3473.0,55
3481,15,190000.0,12667.0,15
30391,35,190000.0,5429.0,34
1911,10,188000.0,18800.0,10
53641,23,185000.0,8043.0,23
3501,15,185000.0,12333.0,15
1610,6,185000.0,30833.0,6
99739,15,184000.0,12267.0,15
5363,26,182000.0,7000.0,26
6185,43,181100.0,4212.0,43
56949,16,180000.0,11250.0,16
5306,15,180000.0,12000.0,15
53019,36,180000.0,5000.0,36
1512,8,180000.0,22500.0,8
41081,9,179000.0,19889.0,9
56722,17,178000.0,10471.0,17
4139,41,177000.0,4317.0,41
29664,30,176700.0,5890.0,30
4941,26,176000.0,6769.0,26
4538,24,176000.0,7333.0,24
29281,31,174000.0,5613.0,31
1748,32,174000.0,5438.0,32
27650,25,173000.0,6920.0,25
53784,13,172000.0,13231.0,13
94233,3,171000.0,57000.0,3
59582,21,171000.0,8143.0,21
58881,12,171000.0,14250.0,12
1537,7,171000.0,24429.0,7
5521,16,170000.0,10625.0,16
99831,12,169000.0,14083.0,12
5121,23,169000.0,7348.0,23
44029,12,169000.0,14083.0,12
3314,10,168000.0,16800.0,10
20400,7,166000.0,23714.0,7
57451,23,165600.0,7200.0,23
57470,16,165000.0,10313.0,16
9962,13,164300.0,12638.0,13
85300,13,164000.0,12615.0,13
8220,18,164000.0,9111.0,18
27542,28,164000.0,5857.0,28
79092,31,163700.0,5281.0,31
V552,11,163000.0,14818.0,11
4422,7,163000.0,23286.0,7
78605,39,162000.0,4154.0,39
25541,22,162000.0,7364.0,22
4928,19,161000.0,8474.0,19
70715,14,160700.0,11479.0,14
73739,5,160000.0,32000.0,5
3570,11,160000.0,14545.0,11
11284,21,160000.0,7619.0,21
29624,19,159400.0,8389.0,19
53540,33,159000.0,4818.0,33
4870,28,159000.0,5679.0,28
1509,13,159000.0,12231.0,13
44481,9,158000.0,17556.0,9
1551,13,158000.0,12154.0,13
70709,13,157000.0,12077.0,13
55200,9,157000.0,17444.0,9
49390,40,156400.0,3910.0,40
29663,19,156000.0,8211.0,19
7847,36,155400.0,4317.0,36
72273,8,155000.0,19375.0,8
1505,5,155000.0,31000.0,5
35801,12,154900.0,12908.0,12
5168,14,154000.0,11000.0,14
72283,9,153000.0,17000.0,9
30401,22,153000.0,6955.0,22
41051,14,152200.0,10871.0,14
V5878,9,152000.0,16889.0,9
99656,7,152000.0,21714.0,7
7866,22,152000.0,6909.0,22
5559,24,152000.0,6333.0,24
7840,35,151000.0,4314.0,35
61801,32,151000.0,4719.0,32
53100,16,151000.0,9438.0,16
4230,4,151000.0,37750.0,4
29040,20,151000.0,7550.0,20
57511,22,150000.0,6818.0,22
94234,4,149000.0,37250.0,4
5939,22,149000.0,6773.0,22
220,22,149000.0,6773.0,22
73315,10,148000.0,14800.0,10
72886,11,148000.0,13455.0,11
4417,6,148000.0,24667.0,6
7806,31,147000.0,4742.0,31
4370,19,147000.0,7737.0,19
4232,7,147000.0,21000.0,7
4590,14,146300.0,10450.0,14
2967,15,146000.0,9733.0,15
99663,7,143000.0,20429.0,7
7245,25,143000.0,5720.0,25
56031,3,143000.0,47667.0,3
1611,7,143000.0,20429.0,7
1561,13,143000.0,11000.0,13
2910,18,142000.0,7889.0,18
6183,26,141000.0,5423.0,26
6262,18,140000.0,7778.0,18
1974,4,140000.0,35000.0,4
53190,30,139500.0,4650.0,30
570,13,139000.0,10692.0,13
72293,14,138500.0,9893.0,14
6825,22,138000.0,6273.0,22
25061,17,138000.0,8118.0,17
0090,26,138000.0,5308.0,26
96500,16,137000.0,8563.0,16
73025,7,137000.0,19571.0,7
99709,5,136000.0,27200.0,5
42840,19,136000.0,7158.0,19
9351,13,135000.0,10385.0,13
5762,16,135000.0,8438.0,16
53290,15,135000.0,9000.0,15
53082,16,135000.0,8438.0,16
4238,6,135000.0,22500.0,6
7464,3,134000.0,44667.0,3
40300,15,134000.0,8933.0,15
23875,29,134000.0,4621.0,29
59971,26,133000.0,5115.0,25
55229,13,133000.0,10231.0,13
2740,22,133000.0,6045.0,22
78820,20,132000.0,6600.0,20
44030,10,132000.0,13200.0,10
2352,10,132000.0,13200.0,10
1891,11,132000.0,12000.0,11
5373,8,131000.0,16375.0,8
53010,14,131000.0,9357.0,14
5184,13,131000.0,10077.0,13
2189,22,131000.0,5955.0,22
1884,10,131000.0,13100.0,10
8911,7,130000.0,18571.0,7
8600,16,130000.0,8125.0,16
73007,8,130000.0,16250.0,8
33829,22,129200.0,5873.0,22
82100,6,129000.0,21500.0,6
81342,25,129000.0,5160.0,25
55320,17,129000.0,7588.0,17
3383,27,129000.0,4778.0,27
2875,14,129000.0,9214.0,14
20288,8,129000.0,16125.0,8
20281,7,129000.0,18429.0,7
71691,10,128020.0,12802.0,10
7078,8,128000.0,16000.0,8
57430,7,128000.0,18286.0,7
4871,35,128000.0,3657.0,35
99639,9,127000.0,14111.0,9
81221,15,127000.0,8467.0,15
28529,24,127000.0,5292.0,24
20283,12,127000.0,10583.0,12
82000,9,126000.0,14000.0,9
72142,7,126000.0,18000.0,7
57512,11,125000.0,11364.0,11
1978,9,125000.0,13889.0,9
1960,5,125000.0,25000.0,5
920,21,124000.0,5905.0,21
80125,3,124000.0,41333.0,3
38611,41,123300.0,3007.0,41
85301,17,123000.0,7235.0,17
8056,23,123000.0,5348.0,23
79902,19,123000.0,6474.0,19
7336,24,123000.0,5125.0,24
2971,11,122400.0,11127.0,11
99602,4,122000.0,30500.0,4
85181,11,122000.0,11091.0,11
73017,9,122000.0,13556.0,9
4416,3,122000.0,40667.0,3
1519,10,122000.0,12200.0,10
71537,13,121000.0,9308.0,13
5528,7,121000.0,17286.0,7
40401,15,121000.0,8067.0,15
3968,5,121000.0,24200.0,5
20410,12,121000.0,10083.0,12
1913,9,121000.0,13444.0,9
68100,19,120000.0,6316.0,19
5571,10,120000.0,12000.0,10
1578,10,120000.0,12000.0,10
94536,4,119000.0,29750.0,4
73381,8,119000.0,14875.0,8
6191,8,119000.0,14875.0,8
5758,12,119000.0,9917.0,12
2411,21,119000.0,5667.0,21
1984,8,118000.0,14750.0,8
99683,7,117000.0,16714.0,7
53020,18,117000.0,6500.0,18
4659,28,117000.0,4179.0,28
2900,11,117000.0,10636.0,11
29689,21,116800.0,5562.0,21
80704,13,116000.0,8923.0,13
71589,13,116000.0,8923.0,13
5950,21,116000.0,5524.0,21
43330,18,115000.0,6389.0,18
33818,18,115000.0,6389.0,18
990,2,114000.0,57000.0,2
71511,10,114000.0,11400.0,10
1588,5,114000.0,22800.0,5
2639,19,113000.0,5947.0,19
1173,8,113000.0,14125.0,8
99851,9,112000.0,12444.0,9
42090,10,112000.0,11200.0,10
3942,2,111000.0,55500.0,2
9708,9,110000.0,12222.0,9
5711,12,110000.0,9167.0,12
34510,19,110000.0,5789.0,19
33520,7,110000.0,15714.0,7
29043,8,110000.0,13750.0,8
20502,6,110000.0,18333.0,6
25063,14,109000.0,7786.0,14
99676,14,108000.0,7714.0,14
82121,10,108000.0,10800.0,10
70714,9,108000.0,12000.0,9
5960,12,108000.0,9000.0,12
6110,14,107000.0,7643.0,14
53200,8,107000.0,13375.0,8
4150,13,107000.0,8231.0,13
80703,15,106000.0,7067.0,15
4440,4,106000.0,26500.0,4
1892,9,106000.0,11778.0,9
1624,8,106000.0,13250.0,8
8249,6,105000.0,17500.0,6
44031,9,105000.0,11667.0,9
29042,11,105000.0,9545.0,11
25092,13,105000.0,8077.0,13
193,20,105000.0,5250.0,20
1518,7,105000.0,15000.0,7
29572,16,104700.0,6544.0,16
25022,17,104090.0,6123.0,17
68110,18,104000.0,5778.0,18
20510,5,104000.0,20800.0,5
03841,7,104000.0,14857.0,7
99657,3,103000.0,34333.0,3
43301,7,103000.0,14714.0,7
1744,17,103000.0,6059.0,17
0310,8,103000.0,12875.0,8
94534,2,102000.0,51000.0,2
8072,11,102000.0,9273.0,11
80709,13,102000.0,7846.0,13
1883,6,102000.0,17000.0,6
85226,8,101000.0,12625.0,8
7366,6,101000.0,16833.0,6
5300,8,101000.0,12625.0,8
43820,12,101000.0,8417.0,12
3330,11,101000.0,9182.0,11
20301,2,101000.0,50500.0,2
1885,10,101000.0,10100.0,10
1125,5,101000.0,20200.0,5
78901,27,100000.0,3704.0,27
56989,10,100000.0,10000.0,10
53210,3,100000.0,33333.0,3
34550,16,100000.0,6250.0,16
1844,15,100000.0,6667.0,15
1538,7,100000.0,14286.0,7
1515,4,100000.0,25000.0,4
99702,7,99000.0,14143.0,7
85222,11,99000.0,9000.0,11
8024,9,99000.0,11000.0,9
72291,5,99000.0,19800.0,5
3313,4,99000.0,24750.0,4
85225,3,98000.0,32667.0,3
5768,17,98000.0,5765.0,17
80702,19,97400.0,5126.0,19
6821,6,97000.0,16167.0,6
5550,11,97000.0,8818.0,11
51909,6,97000.0,16167.0,6
4592,7,97000.0,13857.0,7
29383,7,97000.0,13857.0,7
99684,5,96000.0,19200.0,5
8670,13,96000.0,7385.0,13
78720,18,96000.0,5333.0,18
71945,17,96000.0,5647.0,17
53649,6,96000.0,16000.0,6
53500,23,96000.0,4174.0,23
51902,7,96000.0,13714.0,7
1449,2,96000.0,48000.0,2
73022,4,95000.0,23750.0,4
72740,11,95000.0,8636.0,11
20285,4,95000.0,23750.0,4
49320,19,94000.0,4947.0,19
2762,18,94000.0,5222.0,18
05319,13,93000.0,7154.0,13
73319,12,92700.0,7725.0,12
9679,14,92000.0,6571.0,14
92401,23,92000.0,4000.0,23
5100,5,92000.0,18400.0,5
4465,8,92000.0,11500.0,8
4400,3,92000.0,30667.0,3
3569,11,92000.0,8364.0,11
99889,13,91000.0,7000.0,13
51882,6,91000.0,15167.0,6
47833,2,91000.0,45500.0,2
V580,8,90000.0,11250.0,7
99679,8,90000.0,11250.0,8
73311,9,90000.0,10000.0,9
71695,9,90000.0,10000.0,9
5679,8,90000.0,11250.0,8
2114,6,89000.0,14833.0,6
80126,6,88000.0,14667.0,6
725,11,88000.0,8000.0,11
5941,13,88000.0,6769.0,13
4555,12,88000.0,7333.0,12
6202,16,87000.0,5438.0,16
5738,10,87000.0,8700.0,10
4358,24,87000.0,3625.0,24
34591,12,87000.0,7250.0,12
2449,11,87000.0,7909.0,11
03844,4,87000.0,21750.0,4
6271,14,86300.0,6164.0,14
72633,7,86000.0,12286.0,7
57471,8,86000.0,10750.0,8
57411,9,86000.0,9556.0,9
4588,10,86000.0,8600.0,10
1122,10,86000.0,8600.0,10
59381,6,85000.0,14167.0,6
5374,2,85000.0,42500.0,2
5304,5,85000.0,17000.0,5
44103,3,85000.0,28333.0,3
44102,6,85000.0,14167.0,6
32723,15,85000.0,5667.0,15
2903,7,85000.0,12143.0,7
1410,5,85000.0,17000.0,5
5272,15,84100.0,5607.0,15
8449,10,84000.0,8400.0,10
73005,2,84000.0,42000.0,2
57461,6,84000.0,14000.0,6
5641,21,84000.0,4000.0,21
5303,16,84000.0,5250.0,16
35800,5,84000.0,16800.0,5
2230,6,84000.0,14000.0,6
0479,9,84000.0,9333.0,9
7850,15,83800.0,5587.0,15
8505,14,83000.0,5929.0,14
56729,9,83000.0,9222.0,9
V5875,4,82000.0,20500.0,4
8242,13,82000.0,6308.0,13
70713,8,82000.0,10250.0,8
5695,7,82000.0,11714.0,7
5551,12,82000.0,6833.0,12
29041,11,82000.0,7455.0,11
1981,8,82000.0,10250.0,8
0270,5,82000.0,16400.0,5
25201,15,81500.0,5433.0,15
78904,15,81300.0,5420.0,15
82302,8,81000.0,10125.0,8
70712,7,81000.0,11571.0,7
4411,3,81000.0,27000.0,3
40492,6,81000.0,13500.0,6
2330,15,81000.0,5400.0,15
07071,8,81000.0,10125.0,8
80505,2,80000.0,40000.0,2
57401,8,80000.0,10000.0,8
56409,20,80000.0,4000.0,20
4408,4,80000.0,20000.0,4
42654,3,80000.0,26667.0,3
72992,16,79000.0,4938.0,16
7104,5,79000.0,15800.0,5
49120,14,79000.0,5643.0,14
4471,7,79000.0,11286.0,7
40403,6,79000.0,13167.0,6
25043,7,79000.0,11286.0,7
25000,16,79000.0,4938.0,16
2123,4,79000.0,19750.0,4
82322,12,78000.0,6500.0,12
48239,2,78000.0,39000.0,2
42842,9,78000.0,8667.0,9
3542,4,78000.0,19500.0,4
25081,17,78000.0,4588.0,17
80701,15,77000.0,5133.0,15
7265,10,77000.0,7700.0,10
5305,15,77000.0,5133.0,15
5110,9,77000.0,8556.0,9
2830,6,77000.0,12833.0,6
0400,2,77000.0,38500.0,2
85182,4,76000.0,19000.0,4
78651,22,76000.0,3455.0,22
70710,9,76000.0,8444.0,9
5793,6,76000.0,12667.0,6
57440,7,76000.0,10857.0,7
5362,17,76000.0,4471.0,17
4266,5,76000.0,15200.0,5
27702,8,76000.0,9500.0,8
25041,3,76000.0,25333.0,3
20284,2,76000.0,38000.0,2
1124,5,76000.0,15200.0,5
07070,3,76000.0,25333.0,3
55090,11,75800.0,6891.0,11
99645,4,75000.0,18750.0,4
8448,10,75000.0,7500.0,10
74781,3,75000.0,25000.0,3
6256,17,75000.0,4412.0,17
53021,10,75000.0,7500.0,10
5180,10,75000.0,7500.0,10
3488,8,75000.0,9375.0,8
07044,11,75000.0,6818.0,11
7851,25,74080.0,2963.0,25
V5849,3,74000.0,24667.0,3
72989,17,74000.0,4353.0,17
53501,10,74000.0,7400.0,10
1571,6,74000.0,12333.0,6
9951,23,73600.0,3200.0,23
9221,16,73000.0,4563.0,16
8240,9,73000.0,8111.0,9
81341,11,73000.0,6636.0,11
7892,2,73000.0,36500.0,2
48230,9,73000.0,8111.0,9
27401,11,73000.0,6636.0,11
85200,13,72000.0,5538.0,13
8020,10,72000.0,7200.0,10
78702,7,72000.0,10286.0,7
7246,4,72000.0,18000.0,4
71696,7,72000.0,10286.0,7
56489,9,72000.0,8000.0,9
41511,9,72000.0,8000.0,9
2930,10,72000.0,7200.0,10
20800,4,72000.0,18000.0,4
05379,11,72000.0,6545.0,11
30390,22,71200.0,3236.0,22
1580,4,71000.0,17750.0,4
V5873,3,70000.0,23333.0,3
56961,3,70000.0,23333.0,3
4809,9,70000.0,7778.0,9
4279,5,70000.0,14000.0,5
42769,9,70000.0,7778.0,9
7823,19,69600.0,3663.0,19
81344,14,69000.0,4929.0,14
7093,4,69000.0,17250.0,4
56889,4,69000.0,17250.0,4
33819,17,69000.0,4059.0,17
1618,3,69000.0,23000.0,3
99682,9,68000.0,7556.0,9
85185,2,68000.0,34000.0,2
78559,3,68000.0,22667.0,3
73639,4,68000.0,17000.0,4
70706,4,68000.0,17000.0,4
1619,2,68000.0,34000.0,2
94532,2,67000.0,33500.0,2
78903,17,67000.0,3941.0,17
7455,6,67000.0,11167.0,6
59960,6,67000.0,11167.0,6
29564,8,67000.0,8375.0,8
2391,5,67000.0,13400.0,5
20040,3,67000.0,22333.0,3
1882,7,67000.0,9571.0,7
82129,5,66000.0,13200.0,5
7813,12,66000.0,5500.0,12
70711,2,66000.0,33000.0,2
53510,12,66000.0,5500.0,12
40201,9,66000.0,7333.0,9
29284,10,66000.0,6600.0,10
1520,6,66000.0,11000.0,6
61804,15,65800.0,4387.0,15
99591,8,65000.0,8125.0,8
75451,2,65000.0,32500.0,2
6850,4,65000.0,16250.0,4
5680,3,65000.0,21667.0,3
53561,9,65000.0,7222.0,9
43882,5,65000.0,13000.0,5
3090,12,65000.0,5417.0,12
2733,5,65000.0,13000.0,5
1481,3,65000.0,21667.0,3
135,10,65000.0,6500.0,10
8404,10,64900.0,6490.0,10
30981,12,64800.0,5400.0,12
6182,12,64000.0,5333.0,12
34541,9,64000.0,7111.0,9
30301,14,64000.0,4571.0,14
3004,11,64000.0,5818.0,11
1918,4,64000.0,16000.0,4
V560,11,63000.0,5727.0,11
9779,16,63000.0,3938.0,16
95208,4,63000.0,15750.0,4
8028,6,63000.0,10500.0,6
80101,8,63000.0,7875.0,8
7248,4,63000.0,15750.0,4
5733,6,63000.0,10500.0,6
52689,2,63000.0,31500.0,2
4568,6,63000.0,10500.0,6
2839,7,63000.0,9000.0,7
2273,5,63000.0,12600.0,5
1639,4,63000.0,15750.0,4
8500,13,62700.0,4823.0,13
99640,4,62000.0,15500.0,4
81301,5,62000.0,12400.0,5
80507,7,62000.0,8857.0,7
51919,3,62000.0,20667.0,3
48284,2,62000.0,31000.0,2
4466,6,62000.0,10333.0,6
29560,4,62000.0,15500.0,4
20203,2,62000.0,31000.0,2
1508,5,62000.0,12400.0,5
73710,3,61000.0,20333.0,3
73026,4,61000.0,15250.0,4
4251,5,61000.0,12200.0,5
3079,7,61000.0,8714.0,7
2112,5,61000.0,12200.0,5
9693,17,60000.0,3529.0,17
7863,6,60000.0,10000.0,6
74729,2,60000.0,30000.0,2
59970,10,60000.0,6000.0,10
5997,12,60000.0,5000.0,12
57490,7,60000.0,8571.0,7
53291,4,60000.0,15000.0,4
53260,3,60000.0,20000.0,3
49321,11,60000.0,5455.0,11
44389,6,60000.0,10000.0,6
3949,2,60000.0,30000.0,2
29600,5,60000.0,12000.0,5
57481,5,59000.0,11800.0,5
56982,8,59000.0,7375.0,8
5600,3,59000.0,19667.0,3
53440,10,59000.0,5900.0,10
34500,4,59000.0,14750.0,4
3071,4,59000.0,14750.0,4
1543,4,59000.0,14750.0,4
1529,4,59000.0,14750.0,4
95901,15,58500.0,3900.0,15
7856,4,58000.0,14500.0,4
7820,14,58000.0,4143.0,14
5225,10,58000.0,5800.0,10
4294,6,58000.0,9667.0,6
29562,13,58000.0,4462.0,13
2111,7,58000.0,8286.0,7
29643,12,57300.0,4775.0,12
9596,1,57000.0,57000.0,1
95205,1,57000.0,57000.0,1
94539,1,57000.0,57000.0,1
86504,1,57000.0,57000.0,1
85224,1,57000.0,57000.0,1
85145,1,57000.0,57000.0,1
80621,1,57000.0,57000.0,1
80620,1,57000.0,57000.0,1
80025,1,57000.0,57000.0,1
7510,1,57000.0,57000.0,1
74100,1,57000.0,57000.0,1
73719,1,57000.0,57000.0,1
72251,2,57000.0,28500.0,2
55011,6,57000.0,9500.0,6
5439,4,57000.0,14250.0,4
42099,1,57000.0,57000.0,1
3910,1,57000.0,57000.0,1
38630,17,57000.0,3353.0,17
3336,1,57000.0,57000.0,1
31230,5,57000.0,11400.0,5
2370,1,57000.0,57000.0,1
2270,5,57000.0,11400.0,5
2115,1,57000.0,57000.0,1
20380,1,57000.0,57000.0,1
1522,4,57000.0,14250.0,4
1489,1,57000.0,57000.0,1
01500,1,57000.0,57000.0,1
V5413,4,56000.0,14000.0,4
9778,8,56000.0,7000.0,8
86330,2,56000.0,28000.0,2
85202,7,56000.0,8000.0,7
7991,4,56000.0,14000.0,4
72403,3,56000.0,18667.0,3
5720,6,56000.0,9333.0,6
53511,7,56000.0,8000.0,7
5120,5,56000.0,11200.0,5
35989,2,56000.0,28000.0,2
27652,11,56000.0,5091.0,11
25042,8,56000.0,7000.0,8
0085,4,56000.0,14000.0,4
86803,1,55000.0,55000.0,1
7291,3,55000.0,18333.0,3
5647,5,55000.0,11000.0,5
3331,6,55000.0,9167.0,6
1991,4,55000.0,13750.0,4
1488,2,55000.0,27500.0,2
9916,6,54000.0,9000.0,6
9623,15,54000.0,3600.0,15
81203,8,54000.0,6750.0,8
80121,5,54000.0,10800.0,5
5963,2,54000.0,27000.0,2
57431,4,54000.0,13500.0,4
4377,12,54000.0,4500.0,12
33392,5,54000.0,10800.0,5
23879,4,54000.0,13500.0,4
1710,2,54000.0,27000.0,2
937,2,53000.0,26500.0,2
78930,7,53000.0,7571.0,7
5080,3,53000.0,17667.0,3
4441,2,53000.0,26500.0,2
41070,2,53000.0,26500.0,2
34290,4,53000.0,13250.0,4
20600,2,53000.0,26500.0,2
1745,11,53000.0,4818.0,11
82525,5,52000.0,10400.0,5
80605,3,52000.0,17333.0,3
73396,5,52000.0,10400.0,5
73024,2,52000.0,26000.0,2
70719,7,52000.0,7429.0,7
60000,13,52000.0,4000.0,13
45821,14,52000.0,3714.0,14
30300,10,52000.0,5200.0,10
29510,8,52000.0,6500.0,8
1880,6,52000.0,8667.0,6
5118,7,51600.0,7371.0,7
99881,3,51000.0,17000.0,3
85180,5,51000.0,10200.0,5
78832,3,51000.0,17000.0,3
71916,5,51000.0,10200.0,5
5754,3,51000.0,17000.0,3
42983,5,51000.0,10200.0,5
2251,3,51000.0,17000.0,3
9726,8,50000.0,6250.0,8
92411,9,50000.0,5556.0,9
92231,6,50000.0,8333.0,6
72665,5,50000.0,10000.0,5
71906,5,50000.0,10000.0,5
6930,10,50000.0,5000.0,10
586,5,50000.0,10000.0,5
56941,8,50000.0,6250.0,8
53340,10,50000.0,5000.0,10
53011,11,50000.0,4545.0,11
5163,6,50000.0,8333.0,6
4242,1,50000.0,50000.0,1
3332,8,50000.0,6250.0,8
3202,2,50000.0,25000.0,2
2874,6,50000.0,8333.0,6
1548,5,50000.0,10000.0,5
1460,4,50000.0,12500.0,4
94224,1,49000.0,49000.0,1
8088,10,49000.0,4900.0,10
7810,9,49000.0,5444.0,9
73004,2,49000.0,24500.0,2
60784,8,49000.0,6125.0,8
4420,2,49000.0,24500.0,2
42091,5,49000.0,9800.0,5
4149,3,49000.0,16333.0,3
2858,12,49000.0,4083.0,12
2362,2,49000.0,24500.0,2
226,11,49000.0,4455.0,11
1886,6,49000.0,8167.0,6
1832,4,49000.0,12250.0,4
0312,3,49000.0,16333.0,3
0030,7,49000.0,7000.0,7
30000,14,48200.0,3443.0,14
82320,4,48000.0,12000.0,4
80600,3,48000.0,16000.0,3
5932,5,48000.0,9600.0,5
5779,7,48000.0,6857.0,7
34540,10,48000.0,4800.0,10
33390,5,48000.0,9600.0,5
29020,9,48000.0,5333.0,9
22809,4,48000.0,12000.0,4
99813,7,47000.0,6714.0,7
85229,1,47000.0,47000.0,1
81241,5,47000.0,9400.0,5
6961,8,47000.0,5875.0,8
3594,8,47000.0,5875.0,8
29594,6,47000.0,7833.0,6
25071,4,47000.0,11750.0,4
1961,4,47000.0,11750.0,4
53085,7,46200.0,6600.0,7
73679,6,46100.0,7683.0,6
96502,9,46000.0,5111.0,9
61889,9,46000.0,5111.0,9
5566,6,46000.0,7667.0,5
41072,4,46000.0,11500.0,4
2749,7,46000.0,6571.0,7
2394,7,46000.0,6571.0,7
99830,7,45000.0,6429.0,7
86509,3,45000.0,15000.0,3
86503,4,45000.0,11250.0,4
80508,5,45000.0,9000.0,5
80224,1,45000.0,45000.0,1
3480,2,45000.0,22500.0,2
2753,2,45000.0,22500.0,2
20081,1,45000.0,45000.0,1
20023,1,45000.0,45000.0,1
1800,5,45000.0,9000.0,5
1715,4,45000.0,11250.0,4
1514,1,45000.0,45000.0,1
2127,5,44300.0,8860.0,5
99631,4,44000.0,11000.0,4
94223,1,44000.0,44000.0,1
86121,3,44000.0,14667.0,3
7842,3,44000.0,14667.0,3
7234,8,44000.0,5500.0,8
56731,5,44000.0,8800.0,5
4558,8,44000.0,5500.0,8
436,10,44000.0,4400.0,10
4281,7,44000.0,6286.0,7
27669,6,44000.0,7333.0,6
2396,6,44000.0,7333.0,6
29592,7,43900.0,6271.0,7
30421,6,43500.0,7250.0,6
42610,6,43400.0,7233.0,6
99760,3,43000.0,14333.0,3
99529,6,43000.0,7167.0,6
9730,2,43000.0,21500.0,2
86354,1,43000.0,43000.0,1
85186,5,43000.0,8600.0,5
80706,5,43000.0,8600.0,5
7993,11,43000.0,3909.0,11
7226,5,43000.0,8600.0,5
60091,11,43000.0,3909.0,11
57441,5,43000.0,8600.0,5
56202,2,43000.0,21500.0,2
5368,7,43000.0,6143.0,7
5198,10,43000.0,4300.0,10
43331,4,43000.0,10750.0,4
1733,5,43000.0,8600.0,5
9654,8,42000.0,5250.0,8
7454,1,42000.0,42000.0,1
5967,5,42000.0,8400.0,5
5839,3,42000.0,14000.0,3
514,5,42000.0,8400.0,5
4272,7,42000.0,6000.0,7
3970,1,42000.0,42000.0,1
2865,3,42000.0,14000.0,3
27549,9,42000.0,4667.0,9
1962,3,42000.0,14000.0,3
1562,3,42000.0,14000.0,3
9678,8,41900.0,5238.0,8
85141,5,41000.0,8200.0,5
78959,10,41000.0,4100.0,10
5933,4,41000.0,10250.0,4
56960,4,41000.0,10250.0,4
4169,4,41000.0,10250.0,4
29411,3,41000.0,13667.0,3
1535,2,41000.0,20500.0,2
0940,3,41000.0,13667.0,3
73018,3,40000.0,13333.0,3
72190,7,40000.0,5714.0,7
71101,4,40000.0,10000.0,4
6268,8,40000.0,5000.0,8
4578,4,40000.0,10000.0,4
30500,6,40000.0,6667.0,6
29212,9,40000.0,4444.0,9
2367,5,40000.0,8000.0,5
1982,2,40000.0,20000.0,2
1572,3,40000.0,13333.0,3
1552,4,40000.0,10000.0,4
1418,2,40000.0,20000.0,2
V5812,6,39700.0,6617.0,6
V5842,2,39000.0,19500.0,2
80843,3,39000.0,13000.0,3
591,7,39000.0,5571.0,7
5642,3,39000.0,13000.0,3
30183,3,39000.0,13000.0,3
2892,6,39000.0,6500.0,6
2181,7,39000.0,5571.0,7
1881,4,39000.0,9750.0,4
8921,4,38000.0,9500.0,4
8620,1,38000.0,38000.0,1
8602,3,38000.0,12667.0,3
73316,4,38000.0,9500.0,4
5951,2,38000.0,19000.0,2
57491,5,38000.0,7600.0,5
5728,5,38000.0,7600.0,5
53390,9,38000.0,4222.0,9
42611,3,38000.0,12667.0,3
3441,2,38000.0,19000.0,2
3384,8,38000.0,4750.0,8
29699,1,38000.0,38000.0,1
25200,6,38000.0,6333.0,6
24220,4,38000.0,9500.0,4
20401,1,38000.0,38000.0,1
1950,1,38000.0,38000.0,1
1569,2,38000.0,19000.0,2
2512,10,37600.0,3760.0,10
9222,6,37000.0,6167.0,6
88110,2,37000.0,18500.0,2
7845,6,37000.0,6167.0,6
72887,10,37000.0,3700.0,10
71845,1,37000.0,37000.0,1
6259,7,37000.0,5286.0,7
5562,4,37000.0,9250.0,4
53789,6,37000.0,6167.0,6
30781,4,37000.0,9250.0,4
27541,7,37000.0,5286.0,7
9698,7,36000.0,5143.0,7
9522,1,36000.0,36000.0,1
8509,7,36000.0,5143.0,7
7465,1,36000.0,36000.0,1
71946,9,36000.0,4000.0,9
5650,6,36000.0,6000.0,6
5183,3,36000.0,12000.0,3
44284,1,36000.0,36000.0,1
3510,6,36000.0,6000.0,6
3240,2,36000.0,18000.0,2
28860,8,36000.0,4500.0,8
2395,4,36000.0,9000.0,4
2381,2,36000.0,18000.0,2
20880,2,36000.0,18000.0,2
20200,4,36000.0,9000.0,4
V579,2,35000.0,17500.0,2
99609,3,35000.0,11667.0,3
9663,6,35000.0,5833.0,6
8250,5,35000.0,7000.0,5
80506,3,35000.0,11667.0,3
78907,8,35000.0,4375.0,8
78830,4,35000.0,8750.0,4
6190,3,35000.0,11667.0,3
53410,1,35000.0,35000.0,1
45119,4,35000.0,8750.0,4
3918,4,35000.0,8750.0,4
30480,9,35000.0,3889.0,9
262,6,35000.0,5833.0,6
2511,6,35000.0,5833.0,6
2410,8,35000.0,4375.0,8
2390,3,35000.0,11667.0,3
2271,6,35000.0,5833.0,6
2143,3,35000.0,11667.0,3
1990,2,35000.0,17500.0,2
1986,3,35000.0,11667.0,3
1919,5,35000.0,7000.0,5
V5877,2,34000.0,17000.0,2
9690,6,34000.0,5667.0,6
81002,4,34000.0,8500.0,4
6186,7,34000.0,4857.0,7
59000,3,34000.0,11333.0,3
56738,3,34000.0,11333.0,3
51911,8,34000.0,4250.0,8
38010,3,34000.0,11333.0,3
34690,9,34000.0,3778.0,9
29652,5,34000.0,6800.0,5
2126,1,34000.0,34000.0,1
20971,1,34000.0,34000.0,1
1952,2,34000.0,17000.0,2
1741,6,34000.0,5667.0,6
1589,3,34000.0,11333.0,3
00842,2,34000.0,17000.0,2
6084,10,33600.0,3360.0,10
9984,2,33000.0,16500.0,2
9973,5,33000.0,6600.0,5
7101,4,33000.0,8250.0,4
60490,5,33000.0,6600.0,5
56200,3,33000.0,11000.0,3
4959,4,33000.0,8250.0,4
4940,6,33000.0,5500.0,6
4801,1,33000.0,33000.0,1
33811,8,33000.0,4125.0,8
29021,4,33000.0,8250.0,4
28959,4,33000.0,8250.0,4
27739,2,33000.0,16500.0,2
2303,3,33000.0,11000.0,3
2102,7,33000.0,4714.0,7
0391,4,33000.0,8250.0,4
V4571,1,32000.0,32000.0,1
99660,4,32000.0,8000.0,4
9352,5,32000.0,6400.0,5
85302,1,32000.0,32000.0,1
80115,1,32000.0,32000.0,1
78551,4,32000.0,8000.0,4
6010,6,32000.0,5333.0,6
57421,3,32000.0,10667.0,3
5730,4,32000.0,8000.0,4
5531,4,32000.0,8000.0,4
44032,2,32000.0,16000.0,2
25032,4,32000.0,8000.0,4
1713,4,32000.0,8000.0,4
8730,9,31000.0,3444.0,9
8472,3,31000.0,10333.0,3
82332,3,31000.0,10333.0,3
82310,1,31000.0,31000.0,1
7243,9,31000.0,3444.0,9
7231,4,31000.0,7750.0,4
65421,7,31000.0,4429.0,7
56721,3,31000.0,10333.0,3
53170,2,31000.0,15500.0,2
47819,4,31000.0,7750.0,4
4421,2,31000.0,15500.0,2
4353,8,31000.0,3875.0,8
41090,5,31000.0,6200.0,5
41061,1,31000.0,31000.0,1
35981,4,31000.0,7750.0,4
35781,7,31000.0,4429.0,7
3558,6,31000.0,5167.0,6
33119,6,31000.0,5167.0,6
2155,3,31000.0,10333.0,3
1916,2,31000.0,15500.0,2
24290,6,30800.0,5133.0,6
9680,5,30000.0,6000.0,5
85011,6,30000.0,5000.0,6
73029,2,30000.0,15000.0,2
7295,11,30000.0,2727.0,11
6143,2,30000.0,15000.0,2
5581,5,30000.0,6000.0,5
5283,2,30000.0,15000.0,2
48249,2,30000.0,15000.0,2
3319,1,30000.0,30000.0,1
33189,3,30000.0,10000.0,3
1560,3,30000.0,10000.0,3
1175,2,30000.0,15000.0,2
00843,5,30000.0,6000.0,5
30400,9,29800.0,3311.0,9
V5489,2,29000.0,14500.0,2
V5401,4,29000.0,7250.0,4
94535,1,29000.0,29000.0,1
86502,1,29000.0,29000.0,1
82122,5,29000.0,5800.0,5
81244,2,29000.0,14500.0,2
78703,8,29000.0,3625.0,8
72981,5,29000.0,5800.0,5
6929,2,29000.0,14500.0,2
53471,2,29000.0,14500.0,2
4460,2,29000.0,14500.0,2
30411,4,29000.0,7250.0,4
29573,5,29000.0,5800.0,5
2912,8,29000.0,3625.0,8
25001,1,29000.0,29000.0,1
2253,1,29000.0,29000.0,1
1965,2,29000.0,14500.0,2
1706,2,29000.0,14500.0,2
1573,2,29000.0,14500.0,2
1177,1,29000.0,29000.0,1
0498,2,29000.0,14500.0,2
40290,9,28600.0,3178.0,9
V551,5,28000.0,5600.0,5
99652,2,28000.0,14000.0,2
9721,5,28000.0,5600.0,5
86355,1,28000.0,28000.0,1
85206,4,28000.0,7000.0,4
85106,2,28000.0,14000.0,2
78722,4,28000.0,7000.0,4
73341,2,28000.0,14000.0,2
70583,2,28000.0,14000.0,2
64421,5,28000.0,5600.0,5
60499,5,28000.0,5600.0,5
5991,1,28000.0,28000.0,1
5859,5,28000.0,5600.0,5
5718,2,28000.0,14000.0,2
56782,4,28000.0,7000.0,4
56723,3,28000.0,9333.0,3
5078,4,28000.0,7000.0,4
49391,11,28000.0,2545.0,11
29533,4,28000.0,7000.0,4
2949,5,28000.0,5600.0,5
2250,3,28000.0,9333.0,3
1980,3,28000.0,9333.0,3
1700,1,28000.0,28000.0,1
1420,4,28000.0,7000.0,4
0059,7,28000.0,4000.0,7
8678,2,27000.0,13500.0,2
81611,3,27000.0,9000.0,3
80120,3,27000.0,9000.0,3
72761,5,27000.0,5400.0,5
71590,4,27000.0,6750.0,4
5968,3,27000.0,9000.0,3
5962,1,27000.0,27000.0,1
59371,1,27000.0,27000.0,1
5071,1,27000.0,27000.0,1
4920,3,27000.0,9000.0,3
4476,4,27000.0,6750.0,4
4474,2,27000.0,13500.0,2
33183,2,27000.0,13500.0,2
28809,3,27000.0,9000.0,3
2863,3,27000.0,9000.0,3
20062,2,27000.0,13500.0,2
179,3,27000.0,9000.0,3
1640,1,27000.0,27000.0,1
1638,2,27000.0,13500.0,2
1608,1,27000.0,27000.0,1
01300,1,27000.0,27000.0,1
82382,5,26600.0,5320.0,5
9879,2,26000.0,13000.0,2
81003,5,26000.0,5200.0,5
7963,3,26000.0,8667.0,3
7854,5,26000.0,5200.0,5
73395,3,26000.0,8667.0,3
72972,1,26000.0,26000.0,1
72280,1,26000.0,26000.0,1
69581,3,26000.0,8667.0,3
6144,2,26000.0,13000.0,2
5988,6,26000.0,4333.0,6
500,2,26000.0,13000.0,2
38635,3,26000.0,8667.0,3
2337,3,26000.0,8667.0,3
20198,2,26000.0,13000.0,2
1726,2,26000.0,13000.0,2
9980,3,25000.0,8333.0,3
99731,2,25000.0,12500.0,2
9658,6,25000.0,4167.0,6
8931,1,25000.0,25000.0,1
85305,2,25000.0,12500.0,2
73819,3,25000.0,8333.0,3
73642,2,25000.0,12500.0,2
7292,1,25000.0,25000.0,1
72889,4,25000.0,6250.0,4
71831,3,25000.0,8333.0,3
6945,3,25000.0,8333.0,3
6181,5,25000.0,5000.0,5
61800,3,25000.0,8333.0,3
59654,3,25000.0,8333.0,3
53490,2,25000.0,12500.0,2
4371,8,25000.0,3125.0,8
43490,4,25000.0,6250.0,4
4255,1,25000.0,25000.0,1
37272,2,25000.0,12500.0,2
3239,1,25000.0,25000.0,1
30001,8,25000.0,3125.0,8
29514,4,25000.0,6250.0,4
2738,3,25000.0,8333.0,3
2150,1,25000.0,25000.0,1
1901,1,25000.0,25000.0,1
1599,1,25000.0,25000.0,1
V5411,1,24000.0,24000.0,1
9920,4,24000.0,6000.0,4
85205,2,24000.0,12000.0,2
72810,1,24000.0,24000.0,1
69513,3,24000.0,8000.0,3
5952,3,24000.0,8000.0,3
59389,4,24000.0,6000.0,4
56984,2,24000.0,12000.0,2
53560,6,24000.0,4000.0,6
53530,5,24000.0,4800.0,5
4730,5,24000.0,4800.0,5
40411,2,24000.0,12000.0,2
38600,6,24000.0,4000.0,6
36100,1,24000.0,24000.0,1
2860,3,24000.0,8000.0,3
27700,1,24000.0,24000.0,1
20903,1,24000.0,24000.0,1
20190,2,24000.0,12000.0,2
20165,1,24000.0,24000.0,1
1120,4,24000.0,6000.0,4
2409,5,23500.0,4700.0,5
2662,6,23070.0,3845.0,6
9642,5,23000.0,4600.0,5
71865,2,23000.0,11500.0,2
71616,2,23000.0,11500.0,2
71107,2,23000.0,11500.0,2
6205,3,23000.0,7667.0,3
6159,3,23000.0,7667.0,3
59982,2,23000.0,11500.0,2
5848,3,23000.0,7667.0,3
5723,4,23000.0,5750.0,4
48289,3,23000.0,7667.0,3
45382,5,23000.0,4600.0,5
42682,3,23000.0,7667.0,3
2384,2,23000.0,11500.0,2
1987,3,23000.0,7667.0,3
01190,3,23000.0,7667.0,3
0049,2,23000.0,11500.0,2
261,6,22600.0,3767.0,6
7197,7,22200.0,3171.0,7
V5841,1,22000.0,22000.0,1
83101,4,22000.0,5500.0,4
80001,2,22000.0,11000.0,2
7827,3,22000.0,7333.0,3
73343,2,22000.0,11000.0,2
7260,3,22000.0,7333.0,3
71526,2,22000.0,11000.0,2
68601,4,22000.0,5500.0,4
68102,1,22000.0,22000.0,1
56789,2,22000.0,11000.0,2
56030,3,22000.0,7333.0,3
48240,2,22000.0,11000.0,2
47874,1,22000.0,22000.0,1
475,4,22000.0,5500.0,4
45989,2,22000.0,11000.0,2
45351,3,22000.0,7333.0,3
30924,2,22000.0,11000.0,2
20930,2,22000.0,11000.0,2
1511,2,22000.0,11000.0,2
1369,2,22000.0,11000.0,2
0092,4,22000.0,5500.0,4
99603,1,21000.0,21000.0,1
8441,2,21000.0,10500.0,2
82133,2,21000.0,10500.0,2
80707,2,21000.0,10500.0,2
79431,3,21000.0,7000.0,3
7876,2,21000.0,10500.0,2
7824,4,21000.0,5250.0,4
72401,1,21000.0,21000.0,1
7212,2,21000.0,10500.0,2
53084,3,21000.0,7000.0,3
4881,5,21000.0,4200.0,5
4551,4,21000.0,5250.0,4
4464,2,21000.0,10500.0,2
44629,2,21000.0,10500.0,2
44489,2,21000.0,10500.0,2
3489,3,21000.0,7000.0,3
30471,5,21000.0,4200.0,5
30011,5,21000.0,4200.0,5
29540,2,21000.0,10500.0,2
25033,2,21000.0,10500.0,2
2469,3,21000.0,7000.0,3
2118,1,21000.0,21000.0,1
1501,2,21000.0,10500.0,2
01896,1,21000.0,21000.0,1
0785,3,20030.0,6677.0,3
V5309,2,20000.0,10000.0,2
85306,3,20000.0,6667.0,3
78902,6,20000.0,3333.0,6
75310,1,20000.0,20000.0,1
71615,2,20000.0,10000.0,2
71517,2,20000.0,10000.0,2
71104,3,20000.0,6667.0,3
6019,4,20000.0,5000.0,4
53089,5,20000.0,4000.0,5
4480,3,20000.0,6667.0,3
43410,3,20000.0,6667.0,3
37313,4,20000.0,5000.0,4
33828,2,20000.0,10000.0,2
30551,1,20000.0,20000.0,1
29384,2,20000.0,10000.0,2
25073,2,20000.0,10000.0,2
2331,2,20000.0,10000.0,2
20191,1,20000.0,20000.0,1
1963,2,20000.0,10000.0,2
1502,1,20000.0,20000.0,1
38610,7,19800.0,2829.0,7
4610,5,19600.0,3920.0,5
6201,4,19300.0,4825.0,4
9999,2,19000.0,9500.0,2
82392,2,19000.0,9500.0,2
80842,4,19000.0,4750.0,4
7830,5,19000.0,3800.0,5
75312,3,19000.0,6333.0,3
73689,1,19000.0,19000.0,1
73393,1,19000.0,19000.0,1
7149,5,19000.0,3800.0,5
55329,3,19000.0,6333.0,3
53251,1,19000.0,19000.0,1
4510,3,19000.0,6333.0,3
38861,1,19000.0,19000.0,1
37601,4,19000.0,4750.0,4
3599,1,19000.0,19000.0,1
35789,1,19000.0,19000.0,1
3492,2,19000.0,9500.0,2
34580,5,19000.0,3800.0,5
2853,3,19000.0,6333.0,3
2376,1,19000.0,19000.0,1
1742,3,19000.0,6333.0,3
1513,2,19000.0,9500.0,2
1368,1,19000.0,19000.0,1
1363,2,19000.0,9500.0,2
8910,5,18060.0,3612.0,5
99592,2,18000.0,9000.0,2
986,2,18000.0,9000.0,2
9349,2,18000.0,9000.0,2
92400,4,18000.0,4500.0,4
8799,1,18000.0,18000.0,1
8470,5,18000.0,3600.0,5
82380,2,18000.0,9000.0,2
80841,4,18000.0,4500.0,4
80106,1,18000.0,18000.0,1
79029,1,18000.0,18000.0,1
78729,5,18000.0,3600.0,5
734,3,18000.0,6000.0,3
72871,2,18000.0,9000.0,2
55120,1,18000.0,18000.0,1
52801,3,18000.0,6000.0,3
4542,3,18000.0,6000.0,3
4269,4,18000.0,4500.0,4
42290,2,18000.0,9000.0,2
40501,3,18000.0,6000.0,3
40490,3,18000.0,6000.0,3
3484,1,18000.0,18000.0,1
34120,1,18000.0,18000.0,1
31289,3,18000.0,6000.0,3
3101,2,18000.0,9000.0,2
30751,2,18000.0,9000.0,2
30501,3,18000.0,6000.0,3
30470,5,18000.0,3600.0,5
2864,2,18000.0,9000.0,2
2781,2,18000.0,9000.0,2
27730,2,18000.0,9000.0,2
25003,3,18000.0,6000.0,3
2397,3,18000.0,6000.0,3
2142,1,18000.0,18000.0,1
1809,3,18000.0,6000.0,3
1459,1,18000.0,18000.0,1
9992,3,17600.0,5867.0,3
V561,1,17000.0,17000.0,1
9876,2,17000.0,8500.0,2
9033,2,17000.0,8500.0,2
8901,2,17000.0,8500.0,2
83905,1,17000.0,17000.0,1
83904,3,17000.0,5667.0,3
82111,1,17000.0,17000.0,1
81612,2,17000.0,8500.0,2
81308,3,17000.0,5667.0,3
80150,1,17000.0,17000.0,1
71105,2,17000.0,8500.0,2
64893,4,17000.0,4250.0,4
6258,1,17000.0,17000.0,1
62133,3,17000.0,5667.0,3
62130,2,17000.0,8500.0,2
4732,1,17000.0,17000.0,1
4532,3,17000.0,5667.0,3
45182,2,17000.0,8500.0,2
4449,1,17000.0,17000.0,1
4231,1,17000.0,17000.0,1
38911,1,17000.0,17000.0,1
38022,2,17000.0,8500.0,2
36441,1,17000.0,17000.0,1
33524,1,17000.0,17000.0,1
29583,1,17000.0,17000.0,1
2866,2,17000.0,8500.0,2
2131,2,17000.0,8500.0,2
20158,1,17000.0,17000.0,1
1953,2,17000.0,8500.0,2
1840,3,17000.0,5667.0,3
1743,3,17000.0,5667.0,3
1727,3,17000.0,5667.0,3
1466,1,17000.0,17000.0,1
0499,1,17000.0,17000.0,1
0039,1,17000.0,17000.0,1
78052,2,16500.0,8250.0,2
V7189,3,16000.0,5333.0,3
V550,2,16000.0,8000.0,2
9341,2,16000.0,8000.0,2
92410,4,16000.0,4000.0,4
92311,1,16000.0,16000.0,1
9032,1,16000.0,16000.0,1
8605,2,16000.0,8000.0,2
85310,1,16000.0,16000.0,1
8471,1,16000.0,16000.0,1
83100,3,16000.0,5333.0,3
80625,2,16000.0,8000.0,2
80228,2,16000.0,8000.0,2
78829,4,16000.0,4000.0,4
7350,3,16000.0,5333.0,3
73312,2,16000.0,8000.0,2
71597,2,16000.0,8000.0,2
6151,2,16000.0,8000.0,2
5989,2,16000.0,8000.0,2
5651,3,16000.0,5333.0,3
56402,1,16000.0,16000.0,1
56032,4,16000.0,4000.0,4
4911,3,16000.0,5333.0,3
4830,3,16000.0,5333.0,3
4739,4,16000.0,4000.0,4
4731,1,16000.0,16000.0,1
4540,1,16000.0,16000.0,1
45386,1,16000.0,16000.0,1
42689,2,16000.0,8000.0,2
4263,4,16000.0,4000.0,4
34691,4,16000.0,4000.0,4
3321,1,16000.0,16000.0,1
3220,1,16000.0,16000.0,1
2888,2,16000.0,8000.0,2
2869,2,16000.0,8000.0,2
2555,2,16000.0,8000.0,2
25020,3,16000.0,5333.0,3
2419,2,16000.0,8000.0,2
07051,3,16000.0,5333.0,3
0529,2,16000.0,8000.0,2
29580,4,15600.0,3900.0,4
V5844,1,15000.0,15000.0,1
V5419,3,15000.0,5000.0,3
99686,3,15000.0,5000.0,3
99685,1,15000.0,15000.0,1
95892,1,15000.0,15000.0,1
86501,1,15000.0,15000.0,1
81307,1,15000.0,15000.0,1
81305,2,15000.0,7500.0,2
81249,3,15000.0,5000.0,3
7905,2,15000.0,7500.0,2
72768,2,15000.0,7500.0,2
72767,2,15000.0,7500.0,2
72705,3,15000.0,5000.0,3
72632,1,15000.0,15000.0,1
72211,2,15000.0,7500.0,2
71941,5,15000.0,3000.0,5
71911,1,15000.0,15000.0,1
71697,2,15000.0,7500.0,2
6828,3,15000.0,5000.0,3
6111,3,15000.0,5000.0,3
59969,2,15000.0,7500.0,2
5778,2,15000.0,7500.0,2
5552,3,15000.0,5000.0,3
4571,3,15000.0,5000.0,3
4470,1,15000.0,15000.0,1
42490,2,15000.0,7500.0,2
41042,1,15000.0,15000.0,1
36000,1,15000.0,15000.0,1
3540,2,15000.0,7500.0,2
3452,1,15000.0,15000.0,1
33821,3,15000.0,5000.0,3
30002,4,15000.0,3750.0,4
2808,3,15000.0,5000.0,3
2794,1,15000.0,15000.0,1
2769,4,15000.0,3750.0,4
2521,2,15000.0,7500.0,2
25083,4,15000.0,3750.0,4
2441,2,15000.0,7500.0,2
2363,2,15000.0,7500.0,2
20030,1,15000.0,15000.0,1
20026,1,15000.0,15000.0,1
1528,1,15000.0,15000.0,1
07022,2,15000.0,7500.0,2
05320,3,15000.0,5000.0,3
30302,3,14900.0,4967.0,3
29011,2,14300.0,7150.0,2
V568,1,14000.0,14000.0,1
99791,1,14000.0,14000.0,1
8439,3,14000.0,4667.0,3
8026,3,14000.0,4667.0,3
80116,1,14000.0,14000.0,1
80100,2,14000.0,7000.0,2
75430,1,14000.0,14000.0,1
7488,1,14000.0,14000.0,1
73349,1,14000.0,14000.0,1
72400,3,14000.0,4667.0,3
71681,1,14000.0,14000.0,1
6238,3,14000.0,4667.0,3
6039,1,14000.0,14000.0,1
55001,1,14000.0,14000.0,1
5181,1,14000.0,14000.0,1
4718,1,14000.0,14000.0,1
4560,2,14000.0,7000.0,2
45381,3,14000.0,4667.0,3
4512,4,14000.0,3500.0,4
43822,2,14000.0,7000.0,2
4380,2,14000.0,7000.0,2
4219,1,14000.0,14000.0,1
3553,3,14000.0,4667.0,3
33391,3,14000.0,4667.0,3
30590,4,14000.0,3500.0,4
2867,2,14000.0,7000.0,2
2819,2,14000.0,7000.0,2
25010,3,14000.0,4667.0,3
20202,1,14000.0,14000.0,1
1971,1,14000.0,14000.0,1
1523,1,14000.0,14000.0,1
1452,1,14000.0,14000.0,1
07020,1,14000.0,14000.0,1
0031,1,14000.0,14000.0,1
3094,5,13800.0,2760.0,5
V714,3,13000.0,4333.0,3
9800,4,13000.0,3250.0,4
9670,2,13000.0,6500.0,2
9330,2,13000.0,6500.0,2
9212,1,13000.0,13000.0,1
87342,3,13000.0,4333.0,3
80849,2,13000.0,6500.0,2
80006,1,13000.0,13000.0,1
7960,3,13000.0,4333.0,3
7921,2,13000.0,6500.0,2
74761,2,13000.0,6500.0,2
73015,2,13000.0,6500.0,2
7237,1,13000.0,13000.0,1
71698,1,13000.0,13000.0,1
71489,2,13000.0,6500.0,2
6869,3,13000.0,4333.0,3
6253,2,13000.0,6500.0,2
6224,1,13000.0,13000.0,1
6164,3,13000.0,4333.0,3
60883,1,13000.0,13000.0,1
6040,3,13000.0,4333.0,3
5854,2,13000.0,6500.0,2
5710,2,13000.0,6500.0,2
5649,3,13000.0,4333.0,3
55091,2,13000.0,6500.0,2
4738,1,13000.0,13000.0,1
46410,2,13000.0,6500.0,2
462,3,13000.0,4333.0,3
4541,2,13000.0,6500.0,2
43853,1,13000.0,13000.0,1
43320,3,13000.0,4333.0,3
4299,3,13000.0,4333.0,3
42653,1,13000.0,13000.0,1
40591,1,13000.0,13000.0,1
40200,3,13000.0,4333.0,3
37851,4,13000.0,3250.0,4
33399,1,13000.0,13000.0,1
2911,1,13000.0,13000.0,1
27400,1,13000.0,13000.0,1
260,3,13000.0,4333.0,3
25052,2,13000.0,6500.0,2
2443,1,13000.0,13000.0,1
2355,1,13000.0,13000.0,1
20220,1,13000.0,13000.0,1
20215,1,13000.0,13000.0,1
1516,1,13000.0,13000.0,1
1504,2,13000.0,6500.0,2
1179,1,13000.0,13000.0,1
3102,5,12700.0,2540.0,5
V5301,1,12000.0,12000.0,1
99988,1,12000.0,12000.0,1
9998,2,12000.0,6000.0,2
99701,1,12000.0,12000.0,1
9899,2,12000.0,6000.0,2
9802,1,12000.0,12000.0,1
9760,1,12000.0,12000.0,1
9752,2,12000.0,6000.0,2
9729,2,12000.0,6000.0,2
9697,2,12000.0,6000.0,2
95200,1,12000.0,12000.0,1
90453,1,12000.0,12000.0,1
8821,2,12000.0,6000.0,2
84500,3,12000.0,4000.0,3
8418,1,12000.0,12000.0,1
83803,1,12000.0,12000.0,1
82110,1,12000.0,12000.0,1
81202,1,12000.0,12000.0,1
80504,2,12000.0,6000.0,2
80331,1,12000.0,12000.0,1
7843,2,12000.0,6000.0,2
73399,1,12000.0,12000.0,1
7098,2,12000.0,6000.0,2
7080,3,12000.0,4000.0,3
7018,2,12000.0,6000.0,2
66111,2,12000.0,6000.0,2
6170,2,12000.0,6000.0,2
6028,2,12000.0,6000.0,2
59984,2,12000.0,6000.0,2
53350,2,12000.0,6000.0,2
52809,1,12000.0,12000.0,1
48231,2,12000.0,6000.0,2
42761,3,12000.0,4000.0,3
41406,1,12000.0,12000.0,1
3379,3,12000.0,4000.0,3
3180,2,12000.0,6000.0,2
2879,1,12000.0,12000.0,1
27788,1,12000.0,12000.0,1
2752,3,12000.0,4000.0,3
2581,2,12000.0,6000.0,2
23871,3,12000.0,4000.0,3
2375,2,12000.0,6000.0,2
20973,1,12000.0,12000.0,1
20921,1,12000.0,12000.0,1
20287,1,12000.0,12000.0,1
19881,2,12000.0,6000.0,2
1874,1,12000.0,12000.0,1
1642,2,12000.0,6000.0,2
0362,1,12000.0,12000.0,1
V5042,2,11000.0,5500.0,2
99527,1,11000.0,11000.0,1
96905,1,11000.0,11000.0,1
9592,1,11000.0,11000.0,1
9583,1,11000.0,11000.0,1
9582,2,11000.0,5500.0,2
94800,1,11000.0,11000.0,1
88122,2,11000.0,5500.0,2
85402,1,11000.0,11000.0,1
8261,3,11000.0,3667.0,3
80705,2,11000.0,5500.0,2
7955,1,11000.0,11000.0,1
78905,4,11000.0,2750.0,4
78096,2,11000.0,5500.0,2
7808,2,11000.0,5500.0,2
72700,2,11000.0,5500.0,2
7202,2,11000.0,5500.0,2
71196,1,11000.0,11000.0,1
6829,1,11000.0,11000.0,1
6146,2,11000.0,5500.0,2
60886,2,11000.0,5500.0,2
59589,2,11000.0,5500.0,2
58089,2,11000.0,5500.0,2
5582,2,11000.0,5500.0,2
53531,2,11000.0,5500.0,2
53130,3,11000.0,3667.0,3
51901,2,11000.0,5500.0,2
48232,2,11000.0,5500.0,2
4467,2,11000.0,5500.0,2
4430,2,11000.0,5500.0,2
4267,1,11000.0,11000.0,1
41012,1,11000.0,11000.0,1
40211,2,11000.0,5500.0,2
38830,2,11000.0,5500.0,2
38300,3,11000.0,3667.0,3
38003,1,11000.0,11000.0,1
3576,2,11000.0,5500.0,2
34400,1,11000.0,11000.0,1
33701,1,11000.0,11000.0,1
32371,1,11000.0,11000.0,1
3129,2,11000.0,5500.0,2
3083,1,11000.0,11000.0,1
29682,2,11000.0,5500.0,2
29656,1,11000.0,11000.0,1
2811,2,11000.0,5500.0,2
27800,1,11000.0,11000.0,1
2764,2,11000.0,5500.0,2
2559,2,11000.0,5500.0,2
24940,1,11000.0,11000.0,1
24901,2,11000.0,5500.0,2
2380,1,11000.0,11000.0,1
20979,1,11000.0,11000.0,1
20929,2,11000.0,5500.0,2
20060,1,11000.0,11000.0,1
1921,1,11000.0,11000.0,1
1910,2,11000.0,5500.0,2
1740,2,11000.0,5500.0,2
0538,2,11000.0,5500.0,2
035,3,11000.0,3667.0,3
20286,2,10300.0,5150.0,2
28269,4,10020.0,2505.0,4
99584,2,10000.0,5000.0,2
9061,1,10000.0,10000.0,1
8860,2,10000.0,5000.0,2
86409,1,10000.0,10000.0,1
85405,1,10000.0,10000.0,1
85140,1,10000.0,10000.0,1
80110,1,10000.0,10000.0,1
7910,2,10000.0,5000.0,2
78939,3,10000.0,3333.0,3
7873,2,10000.0,5000.0,2
75162,1,10000.0,10000.0,1
73671,1,10000.0,10000.0,1
73641,1,10000.0,10000.0,1
73329,1,10000.0,10000.0,1
7238,2,10000.0,5000.0,2
71532,1,10000.0,10000.0,1
71102,1,10000.0,10000.0,1
65971,3,10000.0,3333.0,3
64823,3,10000.0,3333.0,3
62210,2,10000.0,5000.0,2
6160,2,10000.0,5000.0,2
6021,2,10000.0,5000.0,2
59370,1,10000.0,10000.0,1
5699,1,10000.0,10000.0,1
53261,1,10000.0,10000.0,1
41010,1,10000.0,10000.0,1
40402,1,10000.0,10000.0,1
3370,1,10000.0,10000.0,1
33372,2,10000.0,5000.0,2
30461,1,10000.0,10000.0,1
30410,2,10000.0,5000.0,2
2979,1,10000.0,10000.0,1
29524,1,10000.0,10000.0,1
29189,3,10000.0,3333.0,3
29010,2,10000.0,5000.0,2
28864,1,10000.0,10000.0,1
28802,1,10000.0,10000.0,1
28481,1,10000.0,10000.0,1
28264,2,10000.0,5000.0,2
2771,2,10000.0,5000.0,2
24200,2,10000.0,5000.0,2
2304,1,10000.0,10000.0,1
2180,3,10000.0,3333.0,3
2148,2,10000.0,5000.0,2
2110,1,10000.0,10000.0,1
1898,1,10000.0,10000.0,1
1620,1,10000.0,10000.0,1
05472,1,10000.0,10000.0,1
0414,1,10000.0,10000.0,1
0091,3,10000.0,3333.0,3
00847,1,10000.0,10000.0,1
V7283,1,9000.0,9000.0,1
V5481,2,9000.0,4500.0,2
99833,1,9000.0,9000.0,1
99630,1,9000.0,9000.0,1
9724,1,9000.0,9000.0,1
9701,1,9000.0,9000.0,1
96909,1,9000.0,9000.0,1
9661,3,9000.0,3000.0,3
9597,1,9000.0,9000.0,1
94127,1,9000.0,9000.0,1
92232,3,9000.0,3000.0,3
86804,1,9000.0,9000.0,1
86389,1,9000.0,9000.0,1
86101,1,9000.0,9000.0,1
85311,1,9000.0,9000.0,1
8247,1,9000.0,9000.0,1
8241,1,9000.0,9000.0,1
82330,1,9000.0,9000.0,1
81253,1,9000.0,9000.0,1
80420,2,9000.0,4500.0,2
80320,1,9000.0,9000.0,1
8021,2,9000.0,4500.0,2
78833,2,9000.0,4500.0,2
73095,1,9000.0,9000.0,1
73021,1,9000.0,9000.0,1
72751,2,9000.0,4500.0,2
71947,2,9000.0,4500.0,2
64841,2,9000.0,4500.0,2
5855,1,9000.0,9000.0,1
5690,1,9000.0,9000.0,1
5379,2,9000.0,4500.0,2
53230,2,9000.0,4500.0,2
53160,1,9000.0,9000.0,1
52331,2,9000.0,4500.0,2
4918,1,9000.0,9000.0,1
4878,2,9000.0,4500.0,2
45350,1,9000.0,9000.0,1
4489,1,9000.0,9000.0,1
4389,1,9000.0,9000.0,1
38181,2,9000.0,4500.0,2
36816,2,9000.0,4500.0,2
3568,2,9000.0,4500.0,2
3530,1,9000.0,9000.0,1
3369,2,9000.0,4500.0,2
319,1,9000.0,9000.0,1
3061,2,9000.0,4500.0,2
30490,3,9000.0,3000.0,3
30481,2,9000.0,4500.0,2
30420,2,9000.0,4500.0,2
2988,2,9000.0,4500.0,2
29584,2,9000.0,4500.0,2
29013,1,9000.0,9000.0,1
28850,1,9000.0,9000.0,1
2878,2,9000.0,4500.0,2
2849,1,9000.0,9000.0,1
2448,1,9000.0,9000.0,1
2440,2,9000.0,4500.0,2
2358,1,9000.0,9000.0,1
2298,1,9000.0,9000.0,1
2154,1,9000.0,9000.0,1
20210,1,9000.0,9000.0,1
20070,1,9000.0,9000.0,1
20050,1,9000.0,9000.0,1
20048,1,9000.0,9000.0,1
1914,1,9000.0,9000.0,1
1738,1,9000.0,9000.0,1
1724,1,9000.0,9000.0,1
1461,1,9000.0,9000.0,1
0949,1,9000.0,9000.0,1
05412,1,9000.0,9000.0,1
0398,2,9000.0,4500.0,2
00863,2,9000.0,4500.0,2
0071,1,9000.0,9000.0,1
41189,5,8800.0,1760.0,5
28242,3,8400.0,2800.0,3
V5409,1,8000.0,8000.0,1
9839,1,8000.0,8000.0,1
9828,1,8000.0,8000.0,1
96561,1,8000.0,8000.0,1
95203,1,8000.0,8000.0,1
9070,1,8000.0,8000.0,1
85401,1,8000.0,8000.0,1
82522,1,8000.0,8000.0,1
82521,1,8000.0,8000.0,1
82321,2,8000.0,4000.0,2
81601,1,8000.0,8000.0,1
80122,1,8000.0,8000.0,1
7999,2,8000.0,4000.0,2
7906,2,8000.0,4000.0,2
75615,1,8000.0,8000.0,1
73672,1,8000.0,8000.0,1
73012,1,8000.0,8000.0,1
7294,1,8000.0,8000.0,1
7282,1,8000.0,8000.0,1
72691,1,8000.0,8000.0,1
72282,1,8000.0,8000.0,1
72272,1,8000.0,8000.0,1
72141,1,8000.0,8000.0,1
7200,1,8000.0,8000.0,1
71801,1,8000.0,8000.0,1
7175,1,8000.0,8000.0,1
71527,1,8000.0,8000.0,1
7015,1,8000.0,8000.0,1
6959,2,8000.0,4000.0,2
683,1,8000.0,8000.0,1
64891,3,8000.0,2667.0,3
60021,2,8000.0,4000.0,2
5798,2,8000.0,4000.0,2
5716,1,8000.0,8000.0,1
57142,1,8000.0,8000.0,1
5568,1,8000.0,8000.0,1
5273,1,8000.0,8000.0,1
5192,1,8000.0,8000.0,1
4619,4,8000.0,2000.0,4
4618,2,8000.0,4000.0,2
4581,1,8000.0,8000.0,1
45383,1,8000.0,8000.0,1
43380,1,8000.0,8000.0,1
43321,2,8000.0,4000.0,2
43300,2,8000.0,4000.0,2
4131,2,8000.0,4000.0,2
41080,1,8000.0,8000.0,1
40400,2,8000.0,4000.0,2
38869,1,8000.0,8000.0,1
37730,2,8000.0,4000.0,2
37005,1,8000.0,8000.0,1
3559,1,8000.0,8000.0,1
34989,1,8000.0,8000.0,1
34692,3,8000.0,2667.0,3
34680,2,8000.0,4000.0,2
33729,2,8000.0,4000.0,2
31401,2,8000.0,4000.0,2
3099,2,8000.0,4000.0,2
30521,1,8000.0,8000.0,1
30392,2,8000.0,4000.0,2
29582,1,8000.0,8000.0,1
29512,1,8000.0,8000.0,1
29282,1,8000.0,8000.0,1
2913,2,8000.0,4000.0,2
28984,1,8000.0,8000.0,1
28739,1,8000.0,8000.0,1
2861,1,8000.0,8000.0,1
28241,2,8000.0,4000.0,2
2599,1,8000.0,8000.0,1
25030,2,8000.0,4000.0,2
2462,1,8000.0,8000.0,1
2452,2,8000.0,4000.0,2
24230,1,8000.0,8000.0,1
23873,1,8000.0,8000.0,1
2259,1,8000.0,8000.0,1
20310,1,8000.0,8000.0,1
20080,1,8000.0,8000.0,1
1893,1,8000.0,8000.0,1
1719,1,8000.0,8000.0,1
07054,1,8000.0,8000.0,1
07030,2,8000.0,4000.0,2
0542,1,8000.0,8000.0,1
0390,1,8000.0,8000.0,1
0093,2,8000.0,4000.0,2
2929,3,7800.0,2600.0,3
V5889,1,7000.0,7000.0,1
V5417,1,7000.0,7000.0,1
V5415,1,7000.0,7000.0,1
99989,1,7000.0,7000.0,1
9895,1,7000.0,7000.0,1
9878,1,7000.0,7000.0,1
9731,1,7000.0,7000.0,1
9631,1,7000.0,7000.0,1
9598,1,7000.0,7000.0,1
94321,1,7000.0,7000.0,1
92421,2,7000.0,3500.0,2
9213,1,7000.0,7000.0,1
8820,1,7000.0,7000.0,1
8781,1,7000.0,7000.0,1
87362,1,7000.0,7000.0,1
87322,1,7000.0,7000.0,1
86802,1,7000.0,7000.0,1
85406,1,7000.0,7000.0,1
85400,1,7000.0,7000.0,1
8251,1,7000.0,7000.0,1
82301,1,7000.0,7000.0,1
81602,1,7000.0,7000.0,1
81400,2,7000.0,3500.0,2
81382,1,7000.0,7000.0,1
81354,1,7000.0,7000.0,1
81321,1,7000.0,7000.0,1
81318,1,7000.0,7000.0,1
81240,1,7000.0,7000.0,1
81109,1,7000.0,7000.0,1
80020,1,7000.0,7000.0,1
78841,2,7000.0,3500.0,2
7821,1,7000.0,7000.0,1
78199,2,7000.0,3500.0,2
78093,1,7000.0,7000.0,1
72939,1,7000.0,7000.0,1
72292,1,7000.0,7000.0,1
71900,1,7000.0,7000.0,1
71891,1,7000.0,7000.0,1
7172,1,7000.0,7000.0,1
71509,2,7000.0,3500.0,2
64843,2,7000.0,3500.0,2
64821,1,7000.0,7000.0,1
6273,1,7000.0,7000.0,1
62132,1,7000.0,7000.0,1
6210,1,7000.0,7000.0,1
6200,1,7000.0,7000.0,1
6145,1,7000.0,7000.0,1
60785,1,7000.0,7000.0,1
60011,1,7000.0,7000.0,1
5309,2,7000.0,3500.0,2
52100,2,7000.0,3500.0,2
5193,1,7000.0,7000.0,1
5186,1,7000.0,7000.0,1
46619,2,7000.0,3500.0,2
45184,1,7000.0,7000.0,1
45183,1,7000.0,7000.0,1
44502,1,7000.0,7000.0,1
44281,2,7000.0,3500.0,2
38612,3,7000.0,2333.0,3
37855,2,7000.0,3500.0,2
3591,1,7000.0,7000.0,1
34620,2,7000.0,3500.0,2
3343,2,7000.0,3500.0,2
29645,1,7000.0,7000.0,1
29614,1,7000.0,7000.0,1
29604,1,7000.0,7000.0,1
29544,1,7000.0,7000.0,1
2776,2,7000.0,3500.0,2
2388,1,7000.0,7000.0,1
23872,1,7000.0,7000.0,1
2357,1,7000.0,7000.0,1
2233,1,7000.0,7000.0,1
2141,1,7000.0,7000.0,1
2120,1,7000.0,7000.0,1
20061,1,7000.0,7000.0,1
1842,1,7000.0,7000.0,1
1737,1,7000.0,7000.0,1
1716,1,7000.0,7000.0,1
1702,1,7000.0,7000.0,1
1307,1,7000.0,7000.0,1
1121,1,7000.0,7000.0,1
08882,1,7000.0,7000.0,1
0549,1,7000.0,7000.0,1
0419,1,7000.0,7000.0,1
04110,1,7000.0,7000.0,1
0340,3,7000.0,2333.0,3
01160,1,7000.0,7000.0,1
4531,2,6100.0,3050.0,2
V5041,1,6000.0,6000.0,1
9858,1,6000.0,6000.0,1
9534,1,6000.0,6000.0,1
9244,1,6000.0,6000.0,1
92310,1,6000.0,6000.0,1
88013,1,6000.0,6000.0,1
87349,2,6000.0,3000.0,2
8711,1,6000.0,6000.0,1
8704,1,6000.0,6000.0,1
8676,1,6000.0,6000.0,1
86229,1,6000.0,6000.0,1
85241,1,6000.0,6000.0,1
8479,1,6000.0,6000.0,1
84509,2,6000.0,3000.0,2
8438,1,6000.0,6000.0,1
8409,2,6000.0,3000.0,2
8403,1,6000.0,6000.0,1
8300,1,6000.0,6000.0,1
8245,1,6000.0,6000.0,1
81353,1,6000.0,6000.0,1
81352,1,6000.0,6000.0,1
81343,2,6000.0,3000.0,2
81323,1,6000.0,6000.0,1
81311,1,6000.0,6000.0,1
80335,1,6000.0,6000.0,1
80301,1,6000.0,6000.0,1
80222,1,6000.0,6000.0,1
79439,1,6000.0,6000.0,1
78899,2,6000.0,3000.0,2
78721,1,6000.0,6000.0,1
7862,2,6000.0,3000.0,2
78321,2,6000.0,3000.0,2
78002,1,6000.0,6000.0,1
7503,1,6000.0,6000.0,1
7280,1,6000.0,6000.0,1
7262,1,6000.0,6000.0,1
71942,1,6000.0,6000.0,1
71844,1,6000.0,6000.0,1
71692,1,6000.0,6000.0,1
7062,2,6000.0,3000.0,2
7011,1,6000.0,6000.0,1
65611,2,6000.0,3000.0,2
62211,1,6000.0,6000.0,1
6149,1,6000.0,6000.0,1
5999,1,6000.0,6000.0,1
5902,1,6000.0,6000.0,1
5809,1,6000.0,6000.0,1
5790,2,6000.0,3000.0,2
5769,1,6000.0,6000.0,1
5759,1,6000.0,6000.0,1
53782,1,6000.0,6000.0,1
5369,1,6000.0,6000.0,1
5289,1,6000.0,6000.0,1
49302,2,6000.0,3000.0,2
4808,1,6000.0,6000.0,1
47831,2,6000.0,3000.0,2
4561,1,6000.0,6000.0,1
4557,1,6000.0,6000.0,1
4553,1,6000.0,6000.0,1
4378,1,6000.0,6000.0,1
43381,1,6000.0,6000.0,1
42979,1,6000.0,6000.0,1
4290,1,6000.0,6000.0,1
3698,1,6000.0,6000.0,1
3688,2,6000.0,3000.0,2
36234,2,6000.0,3000.0,2
3619,1,6000.0,6000.0,1
36002,1,6000.0,6000.0,1
3549,1,6000.0,6000.0,1
34601,2,6000.0,3000.0,2
34511,2,6000.0,3000.0,2
34440,2,6000.0,3000.0,2
3335,1,6000.0,6000.0,1
3334,2,6000.0,3000.0,2
3009,2,6000.0,3000.0,2
2980,1,6000.0,6000.0,1
29631,1,6000.0,6000.0,1
29622,1,6000.0,6000.0,1
29535,1,6000.0,6000.0,1
2909,1,6000.0,6000.0,1
28981,1,6000.0,6000.0,1
28862,1,6000.0,6000.0,1
28851,1,6000.0,6000.0,1
2813,1,6000.0,6000.0,1
2739,1,6000.0,6000.0,1
2706,1,6000.0,6000.0,1
2651,1,6000.0,6000.0,1
2518,1,6000.0,6000.0,1
23876,1,6000.0,6000.0,1
1951,1,6000.0,6000.0,1
1872,1,6000.0,6000.0,1
1750,1,6000.0,6000.0,1
1401,1,6000.0,6000.0,1
00846,1,6000.0,6000.0,1
33394,2,5030.0,2515.0,2
31234,2,5030.0,2515.0,2
V652,1,5000.0,5000.0,1
V554,1,5000.0,5000.0,1
V51,1,5000.0,5000.0,1
99651,1,5000.0,5000.0,1
99589,1,5000.0,5000.0,1
9925,1,5000.0,5000.0,1
9921,1,5000.0,5000.0,1
9770,1,5000.0,5000.0,1
9720,2,5000.0,2500.0,2
9713,2,5000.0,2500.0,2
9696,1,5000.0,5000.0,1
9331,1,5000.0,5000.0,1
8832,1,5000.0,5000.0,1
85209,1,5000.0,5000.0,1
85100,1,5000.0,5000.0,1
8469,1,5000.0,5000.0,1
83920,1,5000.0,5000.0,1
81502,1,5000.0,5000.0,1
81243,1,5000.0,5000.0,1
81101,1,5000.0,5000.0,1
8074,1,5000.0,5000.0,1
7861,1,5000.0,5000.0,1
78603,1,5000.0,5000.0,1
7816,1,5000.0,5000.0,1
75670,1,5000.0,5000.0,1
7536,1,5000.0,5000.0,1
7504,1,5000.0,5000.0,1
72765,1,5000.0,5000.0,1
72673,1,5000.0,5000.0,1
72670,1,5000.0,5000.0,1
71949,1,5000.0,5000.0,1
71849,1,5000.0,5000.0,1
71742,1,5000.0,5000.0,1
7173,1,5000.0,5000.0,1
71694,1,5000.0,5000.0,1
71617,1,5000.0,5000.0,1
71533,1,5000.0,5000.0,1
71103,1,5000.0,5000.0,1
6944,1,5000.0,5000.0,1
67434,1,5000.0,5000.0,1
66101,1,5000.0,5000.0,1
65801,1,5000.0,5000.0,1
65651,1,5000.0,5000.0,1
65641,1,5000.0,5000.0,1
64973,1,5000.0,5000.0,1
64931,1,5000.0,5000.0,1
64783,1,5000.0,5000.0,1
6270,1,5000.0,5000.0,1
6218,1,5000.0,5000.0,1
6172,1,5000.0,5000.0,1
6120,1,5000.0,5000.0,1
6119,1,5000.0,5000.0,1
5969,1,5000.0,5000.0,1
5964,1,5000.0,5000.0,1
58889,1,5000.0,5000.0,1
5819,1,5000.0,5000.0,1
55092,2,5000.0,2500.0,2
55012,1,5000.0,5000.0,1
541,1,5000.0,5000.0,1
53300,1,5000.0,5000.0,1
53241,1,5000.0,5000.0,1
53141,1,5000.0,5000.0,1
52800,1,5000.0,5000.0,1
52469,1,5000.0,5000.0,1
52462,1,5000.0,5000.0,1
5060,1,5000.0,5000.0,1
501,1,5000.0,5000.0,1
49300,1,5000.0,5000.0,1
460,1,5000.0,5000.0,1
45385,1,5000.0,5000.0,1
45111,2,5000.0,2500.0,2
44100,1,5000.0,5000.0,1
4379,1,5000.0,5000.0,1
4374,1,5000.0,5000.0,1
42989,2,5000.0,2500.0,2
4160,1,5000.0,5000.0,1
41411,1,5000.0,5000.0,1
3829,1,5000.0,5000.0,1
37923,1,5000.0,5000.0,1
36815,1,5000.0,5000.0,1
36811,1,5000.0,5000.0,1
36231,1,5000.0,5000.0,1
36210,1,5000.0,5000.0,1
3579,1,5000.0,5000.0,1
3564,1,5000.0,5000.0,1
3538,1,5000.0,5000.0,1
3529,1,5000.0,5000.0,1
34600,2,5000.0,2500.0,2
3439,1,5000.0,5000.0,1
3373,1,5000.0,5000.0,1
3361,1,5000.0,5000.0,1
33385,1,5000.0,5000.0,1
3014,1,5000.0,5000.0,1
30009,1,5000.0,5000.0,1
29990,1,5000.0,5000.0,1
29504,1,5000.0,5000.0,1
28982,1,5000.0,5000.0,1
2893,1,5000.0,5000.0,1
2693,1,5000.0,5000.0,1
2690,1,5000.0,5000.0,1
2373,1,5000.0,5000.0,1
20961,1,5000.0,5000.0,1
20043,1,5000.0,5000.0,1
1869,1,5000.0,5000.0,1
1732,1,5000.0,5000.0,1
1649,1,5000.0,5000.0,1
1600,1,5000.0,5000.0,1
1330,2,5000.0,2500.0,2
11595,1,5000.0,5000.0,1
04112,1,5000.0,5000.0,1
V717,2,4000.0,2000.0,2
V5423,1,4000.0,4000.0,1
9953,2,4000.0,2000.0,2
9912,1,4000.0,4000.0,1
9894,1,4000.0,4000.0,1
9880,1,4000.0,4000.0,1
9757,1,4000.0,4000.0,1
9587,1,4000.0,4000.0,1
9579,1,4000.0,4000.0,1
92810,1,4000.0,4000.0,1
92320,1,4000.0,4000.0,1
92302,1,4000.0,4000.0,1
92300,1,4000.0,4000.0,1
9173,1,4000.0,4000.0,1
8793,1,4000.0,4000.0,1
8750,1,4000.0,4000.0,1
8708,1,4000.0,4000.0,1
86601,1,4000.0,4000.0,1
86120,1,4000.0,4000.0,1
83202,1,4000.0,4000.0,1
8280,1,4000.0,4000.0,1
82520,1,4000.0,4000.0,1
81001,1,4000.0,4000.0,1
81000,1,4000.0,4000.0,1
80321,2,4000.0,2000.0,2
80220,1,4000.0,4000.0,1
80111,1,4000.0,4000.0,1
7936,1,4000.0,4000.0,1
7904,1,4000.0,4000.0,1
78724,1,4000.0,4000.0,1
78550,1,4000.0,4000.0,1
78062,1,4000.0,4000.0,1
78061,1,4000.0,4000.0,1
78001,1,4000.0,4000.0,1
7483,1,4000.0,4000.0,1
7358,1,4000.0,4000.0,1
73390,1,4000.0,4000.0,1
73340,1,4000.0,4000.0,1
72885,2,4000.0,2000.0,2
7279,1,4000.0,4000.0,1
72619,1,4000.0,4000.0,1
72479,1,4000.0,4000.0,1
7222,1,4000.0,4000.0,1
71986,1,4000.0,4000.0,1
71856,1,4000.0,4000.0,1
71846,1,4000.0,4000.0,1
71655,1,4000.0,4000.0,1
71593,1,4000.0,4000.0,1
71481,1,4000.0,4000.0,1
71236,1,4000.0,4000.0,1
69589,1,4000.0,4000.0,1
68101,1,4000.0,4000.0,1
66401,2,4000.0,2000.0,2
66331,2,4000.0,2000.0,2
65661,1,4000.0,4000.0,1
65301,1,4000.0,4000.0,1
64941,1,4000.0,4000.0,1
64803,1,4000.0,4000.0,1
64313,1,4000.0,4000.0,1
63390,1,4000.0,4000.0,1
63310,1,4000.0,4000.0,1
6232,1,4000.0,4000.0,1
62212,1,4000.0,4000.0,1
61809,1,4000.0,4000.0,1
61802,1,4000.0,4000.0,1
6173,1,4000.0,4000.0,1
6089,1,4000.0,4000.0,1
6012,1,4000.0,4000.0,1
5953,1,4000.0,4000.0,1
5645,1,4000.0,4000.0,1
56201,1,4000.0,4000.0,1
53320,1,4000.0,4000.0,1
5063,1,4000.0,4000.0,1
49301,1,4000.0,4000.0,1
47875,1,4000.0,4000.0,1
47829,1,4000.0,4000.0,1
47402,1,4000.0,4000.0,1
46430,1,4000.0,4000.0,1
463,1,4000.0,4000.0,1
4530,1,4000.0,4000.0,1
44321,1,4000.0,4000.0,1
42652,1,4000.0,4000.0,1
4262,1,4000.0,4000.0,1
38619,1,4000.0,4000.0,1
3813,1,4000.0,4000.0,1
37854,1,4000.0,4000.0,1
37749,1,4000.0,4000.0,1
37530,1,4000.0,4000.0,1
36001,1,4000.0,4000.0,1
35921,1,4000.0,4000.0,1
3543,1,4000.0,4000.0,1
3490,1,4000.0,4000.0,1
3485,1,4000.0,4000.0,1
34551,1,4000.0,4000.0,1
3341,1,4000.0,4000.0,1
3064,1,4000.0,4000.0,1
3019,1,4000.0,4000.0,1
30015,1,4000.0,4000.0,1
30014,1,4000.0,4000.0,1
2978,1,4000.0,4000.0,1
29636,1,4000.0,4000.0,1
2919,1,4000.0,4000.0,1
28261,1,4000.0,4000.0,1
2810,1,4000.0,4000.0,1
2689,1,4000.0,4000.0,1
2638,1,4000.0,4000.0,1
2630,1,4000.0,4000.0,1
25090,1,4000.0,4000.0,1
25031,1,4000.0,4000.0,1
2324,1,4000.0,4000.0,1
2182,1,4000.0,4000.0,1
19882,1,4000.0,4000.0,1
1419,1,4000.0,4000.0,1
1412,1,4000.0,4000.0,1
1361,1,4000.0,4000.0,1
07889,1,4000.0,4000.0,1
0661,1,4000.0,4000.0,1
04104,1,4000.0,4000.0,1
9994,1,3000.0,3000.0,1
9918,1,3000.0,3000.0,1
9685,1,3000.0,3000.0,1
9664,1,3000.0,3000.0,1
9651,1,3000.0,3000.0,1
95914,1,3000.0,3000.0,1
95912,1,3000.0,3000.0,1
938,1,3000.0,3000.0,1
9228,1,3000.0,3000.0,1
9220,1,3000.0,3000.0,1
9100,1,3000.0,3000.0,1
88000,1,3000.0,3000.0,1
8738,1,3000.0,3000.0,1
8710,1,3000.0,3000.0,1
8363,1,3000.0,3000.0,1
81322,1,3000.0,3000.0,1
81306,1,3000.0,3000.0,1
81242,1,3000.0,3000.0,1
81103,1,3000.0,3000.0,1
80700,1,3000.0,3000.0,1
80022,1,3000.0,3000.0,1
7919,1,3000.0,3000.0,1
7891,1,3000.0,3000.0,1
7320,1,3000.0,3000.0,1
72789,1,3000.0,3000.0,1
71902,1,3000.0,3000.0,1
7177,1,3000.0,3000.0,1
7102,1,3000.0,3000.0,1
6982,1,3000.0,3000.0,1
6805,1,3000.0,3000.0,1
66201,1,3000.0,3000.0,1
65951,1,3000.0,3000.0,1
65821,1,3000.0,3000.0,1
65261,1,3000.0,3000.0,1
65231,1,3000.0,3000.0,1
64911,1,3000.0,3000.0,1
64663,1,3000.0,3000.0,1
63411,1,3000.0,3000.0,1
61171,1,3000.0,3000.0,1
5752,1,3000.0,3000.0,1
5646,1,3000.0,3000.0,1
538,1,3000.0,3000.0,1
53191,1,3000.0,3000.0,1
49312,1,3000.0,3000.0,1
4910,1,3000.0,3000.0,1
4778,1,3000.0,3000.0,1
4612,1,3000.0,3000.0,1
44382,1,3000.0,3000.0,1
43885,1,3000.0,3000.0,1
43811,1,3000.0,3000.0,1
4352,1,3000.0,3000.0,1
4292,1,3000.0,3000.0,1
4289,1,3000.0,3000.0,1
37991,1,3000.0,3000.0,1
37739,1,3000.0,3000.0,1
36900,1,3000.0,3000.0,1
3682,1,3000.0,3000.0,1
3668,1,3000.0,3000.0,1
36232,1,3000.0,3000.0,1
34931,1,3000.0,3000.0,1
3482,1,3000.0,3000.0,1
34683,1,3000.0,3000.0,1
34681,1,3000.0,3000.0,1
34670,1,3000.0,3000.0,1
34570,1,3000.0,3000.0,1
33912,1,3000.0,3000.0,1
3203,1,3000.0,3000.0,1
3082,1,3000.0,3000.0,1
30591,1,3000.0,3000.0,1
30550,1,3000.0,3000.0,1
3003,1,3000.0,3000.0,1
29285,1,3000.0,3000.0,1
29283,1,3000.0,3000.0,1
28866,1,3000.0,3000.0,1
28260,1,3000.0,3000.0,1
2812,1,3000.0,3000.0,1
2763,1,3000.0,3000.0,1
2510,1,3000.0,3000.0,1
25093,1,3000.0,3000.0,1
25021,1,3000.0,3000.0,1
2309,1,3000.0,3000.0,1
2101,1,3000.0,3000.0,1
1759,1,3000.0,3000.0,1
0839,1,3000.0,3000.0,1
06641,1,3000.0,3000.0,1
0579,1,3000.0,3000.0,1
V6284,1,2000.0,2000.0,1
99569,1,2000.0,2000.0,1
9766,1,2000.0,2000.0,1
9711,1,2000.0,2000.0,1
9635,1,2000.0,2000.0,1
8430,1,2000.0,2000.0,1
78630,1,2000.0,2000.0,1
78451,1,2000.0,2000.0,1
78065,1,2000.0,2000.0,1
66131,1,2000.0,2000.0,1
66021,1,2000.0,2000.0,1
65811,1,2000.0,2000.0,1
650,1,2000.0,2000.0,1
64901,1,2000.0,2000.0,1
64683,1,2000.0,2000.0,1
5942,1,2000.0,2000.0,1
46400,1,2000.0,2000.0,1
4599,1,2000.0,2000.0,1
40599,1,2000.0,2000.0,1
3831,1,2000.0,2000.0,1
38201,1,2000.0,2000.0,1
36230,1,2000.0,2000.0,1
33812,1,2000.0,2000.0,1
3081,1,2000.0,2000.0,1
3062,1,2000.0,2000.0,1
30393,1,2000.0,2000.0,1
30113,1,2000.0,2000.0,1
30082,1,2000.0,2000.0,1
2899,1,2000.0,2000.0,1
30928,2,1800.0,900.0,2
9950,2,1200.0,600.0,2
64511,1,1000.0,1000.0,1
64403,1,1000.0,1000.0,1
5929,1,1000.0,1000.0,1
33722,1,1000.0,1000.0,1
29635,1,1000.0,1000.0,1
08881,1,1000.0,1000.0,1
30561,1,900.0,900.0,1
6208,1,800.0,800.0,1
936,1,700.0,700.0,1
29593,1,500.0,500.0,1
81220,1,400.0,400.0,1
80708,1,400.0,400.0,1
72671,1,400.0,400.0,1
37004,1,400.0,400.0,1
2731,1,400.0,400.0,1
64623,1,200.0,200.0,1
0540,1,200.0,200.0,1
V5881,1,100.0,100.0,1
