ICD9_DGNS_CD_1,num_admissions,readmissions,readmission_rate
0071,1,1,100.0
3559,1,1,100.0
3568,2,2,100.0
V556,1,1,100.0
34989,1,1,100.0
34670,1,1,100.0
01500,1,1,100.0
01300,1,1,100.0
3335,1,1,100.0
3203,1,1,100.0
99630,1,1,100.0
43853,1,1,100.0
33721,1,1,100.0
319,1,1,100.0
4160,1,1,100.0
3490,1,1,100.0
44321,1,1,100.0
44629,2,2,100.0
53320,1,1,100.0
2919,1,1,100.0
2893,1,1,100.0
938,1,1,100.0
9895,1,1,100.0
94223,1,1,100.0
92302,1,1,100.0
86803,1,1,100.0
9244,1,1,100.0
28866,1,1,100.0
85402,1,1,100.0
95200,1,1,100.0
9100,1,1,100.0
8860,2,2,100.0
29542,1,1,100.0
5264,1,1,100.0
30461,1,1,100.0
0579,1,1,100.0
4557,1,1,100.0
463,1,1,100.0
4489,1,1,100.0
4449,1,1,100.0
49312,1,1,100.0
99527,1,1,100.0
58889,1,1,100.0
5752,1,1,100.0
1516,1,1,100.0
56721,3,3,100.0
85400,1,1,100.0
28481,1,1,100.0
80700,1,1,100.0
81220,1,1,100.0
23876,1,1,100.0
81109,1,1,100.0
25052,2,2,100.0
61171,1,1,100.0
6101,1,1,100.0
61809,1,1,100.0
2462,1,1,100.0
64911,1,1,100.0
6982,1,1,100.0
6829,1,1,100.0
65651,1,1,100.0
62132,1,1,100.0
1640,1,1,100.0
64783,1,1,100.0
7861,1,1,100.0
7955,1,1,100.0
79029,1,1,100.0
01896,1,1,100.0
71692,1,1,100.0
71902,1,1,100.0
81000,1,1,100.0
2259,1,1,100.0
1893,1,1,100.0
72765,1,1,100.0
2142,1,1,100.0
80009,1,1,100.0
20030,1,1,100.0
20043,1,1,100.0
7919,1,1,100.0
78603,1,1,100.0
5999,1,1,100.0
2638,1,1,100.0
5853,1,1,100.0
2690,1,1,100.0
85100,1,1,100.0
8280,1,1,100.0
8300,1,1,100.0
8438,1,1,100.0
2510,1,1,100.0
5991,1,1,100.0
99760,3,2,66.7
48284,3,2,66.7
53260,3,2,66.7
4480,3,2,66.7
2867,3,2,66.7
6159,3,2,66.7
4881,5,3,60.0
7149,5,3,60.0
70719,7,4,57.1
937,2,1,50.0
29010,2,1,50.0
1529,4,2,50.0
9341,2,1,50.0
2913,2,1,50.0
30392,2,1,50.0
1513,2,1,50.0
1488,2,1,50.0
99592,2,1,50.0
5374,2,1,50.0
88122,2,1,50.0
1330,2,1,50.0
40411,2,1,50.0
V5042,2,1,50.0
3949,2,1,50.0
V5481,2,1,50.0
0362,2,1,50.0
78899,2,1,50.0
7876,2,1,50.0
35989,2,1,50.0
1963,2,1,50.0
1910,2,1,50.0
1982,2,1,50.0
72211,2,1,50.0
71616,2,1,50.0
80625,2,1,50.0
71489,2,1,50.0
2375,2,1,50.0
6929,2,1,50.0
72768,2,1,50.0
72751,2,1,50.0
37272,2,1,50.0
71865,2,1,50.0
6021,2,1,50.0
5902,2,1,50.0
1706,2,1,50.0
25090,2,1,50.0
5718,2,1,50.0
56789,2,1,50.0
24200,2,1,50.0
2452,2,1,50.0
5854,2,1,50.0
2753,2,1,50.0
56782,4,2,50.0
56202,2,1,50.0
30410,2,1,50.0
4460,2,1,50.0
1175,2,1,50.0
52100,2,1,50.0
V550,2,1,50.0
00842,2,1,50.0
9998,2,1,50.0
9999,2,1,50.0
4464,2,1,50.0
3370,2,1,50.0
30928,2,1,50.0
43321,2,1,50.0
3343,2,1,50.0
34600,2,1,50.0
34680,2,1,50.0
34601,2,1,50.0
30924,2,1,50.0
52331,2,1,50.0
48231,2,1,50.0
48249,2,1,50.0
81305,2,1,50.0
1573,2,1,50.0
51911,9,4,44.4
5728,7,3,42.9
5118,7,3,42.9
72665,5,2,40.0
78729,5,2,40.0
33392,5,2,40.0
9352,5,2,40.0
4266,5,2,40.0
3968,5,2,40.0
71906,5,2,40.0
2127,5,2,40.0
82122,5,2,40.0
72761,5,2,40.0
9726,8,3,37.5
4353,8,3,37.5
99679,8,3,37.5
53390,9,3,33.3
92231,6,2,33.3
2892,6,2,33.3
87342,3,1,33.3
94233,3,1,33.3
86121,3,1,33.3
94532,3,1,33.3
44102,6,2,33.3
44103,3,1,33.3
4416,3,1,33.3
33189,3,1,33.3
3379,3,1,33.3
9980,3,1,33.3
33391,3,1,33.3
43822,3,1,33.3
01190,3,1,33.3
40490,3,1,33.3
51919,3,1,33.3
4920,3,1,33.3
48289,3,1,33.3
4532,3,1,33.3
99609,3,1,33.3
29682,3,1,33.3
85306,3,1,33.3
56738,3,1,33.3
5754,3,1,33.3
1743,3,1,33.3
81308,3,1,33.3
179,3,1,33.3
24290,6,2,33.3
6828,3,1,33.3
64891,3,1,33.3
25010,3,1,33.3
6190,3,1,33.3
25041,3,1,33.3
82100,6,2,33.3
82332,3,1,33.3
6164,3,1,33.3
28731,15,5,33.3
1560,3,1,33.3
5839,3,1,33.3
8261,3,1,33.3
72705,3,1,33.3
2114,6,2,33.3
80600,3,1,33.3
20502,6,2,33.3
2251,3,1,33.3
2271,6,2,33.3
78559,3,1,33.3
7845,6,2,33.3
1962,3,1,33.3
73710,3,1,33.3
73395,3,1,33.3
7350,3,1,33.3
73819,3,1,33.3
40200,3,1,33.3
3553,3,1,33.3
36234,3,1,33.3
56949,16,5,31.2
1912,13,4,30.8
1519,10,3,30.0
8020,10,3,30.0
99851,10,3,30.0
1975,10,3,30.0
0059,7,2,28.6
99702,7,2,28.6
4232,7,2,28.6
2181,7,2,28.6
85202,7,2,28.6
2839,7,2,28.6
72142,7,2,28.6
30500,7,2,28.6
30000,14,4,28.6
4422,7,2,28.6
43301,7,2,28.6
2111,7,2,28.6
2740,22,6,27.3
3004,11,3,27.3
29041,11,3,27.3
1745,11,3,27.3
53021,11,3,27.3
0383,15,4,26.7
0092,4,1,25.0
37601,4,1,25.0
35981,4,1,25.0
0391,4,1,25.0
78830,4,1,25.0
0310,8,2,25.0
1918,4,1,25.0
30590,4,1,25.0
4551,4,1,25.0
5078,4,1,25.0
99631,4,1,25.0
3313,4,1,25.0
4263,4,1,25.0
4269,4,1,25.0
43331,4,1,25.0
43320,4,1,25.0
4230,4,1,25.0
7101,4,1,25.0
86503,4,1,25.0
8602,4,1,25.0
1522,4,1,25.0
53510,12,3,25.0
29580,4,1,25.0
1420,4,1,25.0
78551,4,1,25.0
78722,4,1,25.0
20200,4,1,25.0
07071,8,2,25.0
4512,4,1,25.0
85226,8,2,25.0
5562,4,1,25.0
25083,4,1,25.0
1538,8,2,25.0
70713,8,2,25.0
22809,4,1,25.0
24220,4,1,25.0
6850,4,1,25.0
20800,4,1,25.0
25071,4,1,25.0
6201,4,1,25.0
73639,4,1,25.0
7248,4,1,25.0
72283,12,3,25.0
80842,4,1,25.0
71104,4,1,25.0
56722,17,4,23.5
44421,13,3,23.1
5772,13,3,23.1
3963,13,3,23.1
25541,22,5,22.7
1913,9,2,22.2
96502,9,2,22.2
5110,9,2,22.2
1532,9,2,22.2
70710,9,2,22.2
8604,9,2,22.2
4558,9,2,22.2
591,9,2,22.2
1518,9,2,22.2
27549,9,2,22.2
30400,9,2,22.2
V5878,9,2,22.2
53010,14,3,21.4
45821,14,3,21.4
2875,14,3,21.4
80501,14,3,21.4
78903,19,4,21.1
49320,19,4,21.1
8056,24,5,20.8
78901,29,6,20.7
29664,34,7,20.6
1970,45,9,20.0
V5413,5,1,20.0
4820,20,4,20.0
72887,10,2,20.0
4251,5,1,20.0
2112,5,1,20.0
71916,5,1,20.0
9623,15,3,20.0
29652,5,1,20.0
4870,30,6,20.0
80508,5,1,20.0
99676,15,3,20.0
43882,5,1,20.0
85141,5,1,20.0
56731,5,1,20.0
73008,5,1,20.0
5932,5,1,20.0
82525,5,1,20.0
85180,5,1,20.0
72889,5,1,20.0
99739,15,3,20.0
71589,15,3,20.0
5180,10,2,20.0
41031,20,4,20.0
41405,10,2,20.0
V551,5,1,20.0
9973,5,1,20.0
1881,5,1,20.0
53440,10,2,20.0
1800,5,1,20.0
81301,5,1,20.0
53340,10,2,20.0
5120,5,1,20.0
29594,10,2,20.0
73739,5,1,20.0
34540,10,2,20.0
68601,5,1,20.0
71101,5,1,20.0
80121,5,1,20.0
7230,35,7,20.0
8088,10,2,20.0
4610,5,1,20.0
5304,5,1,20.0
44030,10,2,20.0
5647,5,1,20.0
5581,5,1,20.0
41189,5,1,20.0
3960,5,1,20.0
6084,10,2,20.0
41090,5,1,20.0
2733,5,1,20.0
7265,10,2,20.0
30391,36,7,19.4
23875,31,6,19.4
5401,26,5,19.2
5761,26,5,19.2
5641,21,4,19.0
920,21,4,19.0
70704,21,4,19.0
03819,37,7,18.9
5523,16,3,18.8
8500,16,3,18.8
40300,16,3,18.8
56989,11,2,18.2
2512,11,2,18.2
5939,22,4,18.2
57511,22,4,18.2
5780,44,8,18.2
V560,11,2,18.2
8404,11,2,18.2
5225,11,2,18.2
34690,11,2,18.2
85181,11,2,18.2
5550,11,2,18.2
4588,11,2,18.2
99671,11,2,18.2
73315,11,2,18.2
07044,11,2,18.2
56881,11,2,18.2
44101,22,4,18.2
78904,17,3,17.6
1540,34,6,17.6
29590,40,7,17.5
5569,23,4,17.4
30390,23,4,17.4
4321,52,9,17.3
73028,29,5,17.2
042,41,7,17.1
V571,35,6,17.1
71515,53,9,17.0
42820,59,10,16.9
41404,12,2,16.7
9663,6,1,16.7
1883,6,1,16.7
4821,72,12,16.7
3558,6,1,16.7
4238,6,1,16.7
1960,6,1,16.7
53530,6,1,16.7
7231,6,1,16.7
80706,6,1,16.7
2910,18,3,16.7
34580,6,1,16.7
6821,6,1,16.7
1880,6,1,16.7
1741,6,1,16.7
1744,18,3,16.7
7455,6,1,16.7
73679,6,1,16.7
99677,30,5,16.7
20410,12,2,16.7
5566,6,1,16.7
53789,6,1,16.7
2874,6,1,16.7
55011,6,1,16.7
1520,6,1,16.7
53641,24,4,16.7
53560,6,1,16.7
44389,6,1,16.7
28803,24,4,16.7
33119,6,1,16.7
1610,6,1,16.7
28529,24,4,16.7
27669,6,1,16.7
59960,6,1,16.7
2762,18,3,16.7
1550,24,4,16.7
2830,6,1,16.7
3331,6,1,16.7
59381,6,1,16.7
5793,6,1,16.7
261,6,1,16.7
85011,6,1,16.7
27401,12,2,16.7
05379,12,2,16.7
40492,6,1,16.7
78791,60,10,16.7
3510,6,1,16.7
7863,6,1,16.7
45342,79,13,16.5
42830,136,22,16.2
1972,37,6,16.2
4239,31,5,16.1
27650,25,4,16.0
43401,25,4,16.0
4538,25,4,16.0
5185,44,7,15.9
4928,19,3,15.8
99667,38,6,15.8
68100,19,3,15.8
79902,19,3,15.8
29620,70,11,15.7
25070,90,14,15.6
7806,32,5,15.6
53190,32,5,15.6
34831,71,11,15.5
5941,13,2,15.4
30981,13,2,15.4
566,26,4,15.4
85300,13,2,15.4
2858,13,2,15.4
8242,13,2,15.4
6182,13,2,15.4
99889,13,2,15.4
5856,39,6,15.4
80709,13,2,15.4
29562,13,2,15.4
40493,26,4,15.4
5109,26,4,15.4
41091,98,15,15.3
7837,46,7,15.2
19889,33,5,15.2
29630,73,11,15.1
42840,20,3,15.0
5771,20,3,15.0
34510,20,3,15.0
20280,20,3,15.0
55320,20,3,15.0
48241,54,8,14.8
55220,27,4,14.8
7140,27,4,14.8
99681,62,9,14.5
7210,62,9,14.5
2766,62,9,14.5
5528,7,1,14.3
29383,7,1,14.3
42610,7,1,14.3
78930,7,1,14.3
1623,154,22,14.3
4592,7,1,14.3
70709,14,2,14.3
80704,14,2,14.3
70712,7,1,14.3
5779,7,1,14.3
59582,21,3,14.3
8509,7,1,14.3
60000,14,2,14.3
2511,7,1,14.3
1611,7,1,14.3
5988,7,1,14.3
03841,7,1,14.3
38610,7,1,14.3
11284,21,3,14.3
49120,14,2,14.3
35781,7,1,14.3
80507,7,1,14.3
5163,7,1,14.3
51909,7,1,14.3
5168,14,2,14.3
99656,7,1,14.3
9642,7,1,14.3
53150,14,2,14.3
9962,14,2,14.3
99830,7,1,14.3
6271,14,2,14.3
4272,7,1,14.3
4281,7,1,14.3
72633,7,1,14.3
41051,14,2,14.3
2989,121,17,14.0
39891,57,8,14.0
42822,43,6,14.0
1629,107,15,14.0
4010,57,8,14.0
4372,36,5,13.9
99832,29,4,13.8
78039,138,19,13.8
99665,29,4,13.8
4275,29,4,13.8
40390,59,8,13.6
99661,44,6,13.6
78820,22,3,13.6
5920,66,9,13.6
99762,37,5,13.5
29634,74,10,13.5
7907,67,9,13.4
25060,67,9,13.4
42832,30,4,13.3
1625,90,12,13.3
4111,75,10,13.3
4822,15,2,13.3
0382,30,4,13.3
1976,30,4,13.3
27542,30,4,13.3
5715,68,9,13.2
7812,38,5,13.2
56213,38,5,13.2
4871,38,5,13.2
41402,84,11,13.1
5579,107,14,13.1
2760,54,7,13.0
42741,23,3,13.0
1541,46,6,13.0
29689,23,3,13.0
5121,23,3,13.0
1890,69,9,13.0
1985,77,10,13.0
82022,62,8,12.9
5849,1092,141,12.9
5750,62,8,12.9
340,31,4,12.9
79092,31,4,12.9
53140,132,17,12.9
1889,39,5,12.8
78909,39,5,12.8
8246,39,5,12.8
99931,79,10,12.7
78907,8,1,12.5
71106,24,3,12.5
2967,16,2,12.5
9778,8,1,12.5
9779,16,2,12.5
7078,8,1,12.5
3594,8,1,12.5
99591,8,1,12.5
3488,8,1,12.5
1173,8,1,12.5
40401,16,2,12.5
33811,8,1,12.5
1981,8,1,12.5
4371,8,1,12.5
99669,32,4,12.5
56982,8,1,12.5
60784,8,1,12.5
6186,8,1,12.5
4471,8,1,12.5
6202,16,2,12.5
4465,8,1,12.5
53200,8,1,12.5
9678,8,1,12.5
9698,8,1,12.5
81203,8,1,12.5
7100,16,2,12.5
4552,56,7,12.5
53649,8,1,12.5
1534,48,6,12.5
1624,8,1,12.5
6259,8,1,12.5
6268,8,1,12.5
81221,16,2,12.5
6961,8,1,12.5
29510,8,1,12.5
7234,8,1,12.5
29043,8,1,12.5
4417,8,1,12.5
72992,16,2,12.5
3241,8,1,12.5
99859,266,33,12.4
29574,81,10,12.3
49322,357,44,12.3
44422,49,6,12.2
2809,98,12,12.2
43411,173,21,12.1
53540,33,4,12.1
4589,99,12,12.1
0380,100,12,12.0
5559,25,3,12.0
53642,25,3,12.0
V5331,25,3,12.0
1820,75,9,12.0
2768,59,7,11.9
4660,168,20,11.9
7220,42,5,11.9
4139,42,5,11.9
29650,93,11,11.8
34550,17,2,11.8
96500,17,2,11.8
71945,17,2,11.8
82002,17,2,11.8
25081,17,2,11.8
9986,17,2,11.8
57460,17,2,11.8
99664,120,14,11.7
82009,258,30,11.6
4271,164,19,11.6
85220,52,6,11.5
1539,26,3,11.5
99643,26,3,11.5
2851,61,7,11.5
1628,26,3,11.5
99662,158,18,11.4
42841,35,4,11.4
29640,35,4,11.4
38611,44,5,11.4
1749,62,7,11.3
51881,817,92,11.3
2948,125,14,11.2
42843,161,18,11.2
42769,9,1,11.1
59010,63,7,11.1
03849,144,16,11.1
V580,9,1,11.1
56962,18,2,11.1
42842,9,1,11.1
5961,9,1,11.1
57450,27,3,11.1
43330,18,2,11.1
8240,9,1,11.1
73017,9,1,11.1
71531,72,8,11.1
2912,9,1,11.1
5373,9,1,11.1
5362,18,2,11.1
53561,9,1,11.1
34541,9,1,11.1
7851,27,3,11.1
28521,36,4,11.1
70714,9,1,11.1
7840,36,4,11.1
71946,9,1,11.1
99644,36,4,11.1
96509,27,3,11.1
40290,9,1,11.1
29570,317,35,11.0
6184,46,5,10.9
78079,74,8,10.8
2920,65,7,10.8
51884,344,37,10.8
4280,1419,153,10.8
431,176,19,10.8
25082,74,8,10.8
5602,37,4,10.8
00845,315,34,10.8
03840,28,3,10.7
03842,226,24,10.6
8220,19,2,10.5
82300,38,4,10.5
28489,19,2,10.5
57410,124,13,10.5
34830,57,6,10.5
6262,19,2,10.5
40491,95,10,10.5
78060,76,8,10.5
78720,19,2,10.5
4260,106,11,10.4
4148,48,5,10.4
56400,77,8,10.4
4414,174,18,10.3
81200,39,4,10.3
3453,29,3,10.3
4241,195,20,10.3
99678,29,3,10.3
73382,29,3,10.3
8080,29,3,10.3
43491,1068,110,10.3
5400,29,3,10.3
4270,39,4,10.3
78652,49,5,10.2
41401,1675,171,10.2
5722,98,10,10.2
486,2453,251,10.2
5789,422,43,10.2
73313,199,20,10.1
8082,139,14,10.1
56089,79,8,10.1
0389,1648,166,10.1
45341,207,21,10.1
3314,10,1,10.0
5198,10,1,10.0
53501,10,1,10.0
78605,40,4,10.0
75612,20,2,10.0
29284,10,1,10.0
30300,10,1,10.0
99639,10,1,10.0
9961,40,4,10.0
0388,60,6,10.0
29663,20,2,10.0
5738,10,1,10.0
33182,40,4,10.0
73311,10,1,10.0
5571,10,1,10.0
29020,10,1,10.0
4370,20,2,10.0
57400,201,20,10.0
2639,20,2,10.0
6826,539,54,10.0
72273,10,1,10.0
80702,20,2,10.0
82000,10,1,10.0
82120,20,2,10.0
25042,10,1,10.0
99811,70,7,10.0
9971,30,3,10.0
82121,10,1,10.0
71511,10,1,10.0
42090,10,1,10.0
72989,20,2,10.0
2841,40,4,10.0
85221,91,9,9.9
49121,1558,154,9.9
44021,121,12,9.9
7213,101,10,9.9
99666,91,9,9.9
99672,81,8,9.9
5070,705,69,9.8
44022,51,5,9.8
45829,41,4,9.8
25012,31,3,9.7
57420,72,7,9.7
27651,618,60,9.7
99647,31,3,9.7
41071,1170,113,9.7
44020,31,3,9.7
42821,188,18,9.6
03811,94,9,9.6
2859,157,15,9.6
29530,115,11,9.6
43311,84,8,9.5
41011,116,11,9.5
42732,168,16,9.5
78659,738,70,9.5
99769,21,2,9.5
53541,42,4,9.5
49122,391,37,9.5
56983,32,3,9.4
53081,96,9,9.4
42823,512,48,9.4
72402,278,26,9.4
45981,32,3,9.4
4019,139,13,9.4
49392,117,11,9.4
42731,1253,116,9.3
0088,129,12,9.3
5119,162,15,9.3
3320,43,4,9.3
25080,289,27,9.3
V5789,1807,167,9.2
49391,11,1,9.1
V552,11,1,9.1
4829,44,4,9.1
99601,33,3,9.1
55090,11,1,9.1
92411,11,1,9.1
7866,22,2,9.1
7242,44,4,9.1
3330,11,1,9.1
2900,11,1,9.1
56981,11,1,9.1
4401,22,2,9.1
29042,11,1,9.1
70703,77,7,9.1
82123,33,3,9.1
81341,11,1,9.1
6825,22,2,9.1
61801,33,3,9.1
3569,11,1,9.1
7295,11,1,9.1
7244,22,2,9.1
3570,11,1,9.1
72886,11,1,9.1
5990,1374,125,9.1
1891,11,1,9.1
226,11,1,9.1
41511,11,1,9.1
7243,11,1,9.1
42781,324,29,9.0
72252,135,12,8.9
71595,146,13,8.9
2767,169,15,8.9
42831,179,16,8.9
41400,159,14,8.8
03843,34,3,8.8
5570,57,5,8.8
5845,68,6,8.8
41001,34,3,8.8
33829,23,2,8.7
220,23,2,8.7
57451,23,2,8.7
82020,46,4,8.7
5712,46,4,8.7
71536,1154,100,8.7
2411,23,2,8.7
72210,187,16,8.6
28800,70,6,8.6
78701,70,6,8.6
29690,59,5,8.5
29633,165,14,8.5
8054,118,10,8.5
5589,272,23,8.5
3310,284,24,8.5
5609,335,28,8.4
7804,107,9,8.4
78906,48,4,8.3
4580,229,19,8.3
29534,108,9,8.3
29643,12,1,8.3
99939,12,1,8.3
2971,12,1,8.3
481,48,4,8.3
5533,48,4,8.3
82322,12,1,8.3
5997,12,1,8.3
99674,72,6,8.3
3315,36,3,8.3
82003,24,2,8.3
99831,12,1,8.3
1884,12,1,8.3
72740,12,1,8.3
4359,502,41,8.2
78650,354,29,8.2
3962,37,3,8.1
7847,37,3,8.1
2761,272,22,8.1
73027,37,3,8.1
81342,25,2,8.0
7802,715,57,8.0
71596,352,28,8.0
7336,25,2,8.0
29632,25,2,8.0
5959,38,3,7.9
43310,424,33,7.8
6827,77,6,7.8
8208,308,24,7.8
78900,64,5,7.8
430,51,4,7.8
1579,39,3,7.7
41041,143,11,7.7
4150,13,1,7.7
4377,13,1,7.7
85200,13,1,7.7
71591,26,2,7.7
7245,26,2,7.7
1551,13,1,7.7
8052,65,5,7.7
5758,13,1,7.7
99604,26,2,7.7
48282,13,1,7.7
1561,13,1,7.7
44029,13,1,7.7
42833,344,26,7.6
311,79,6,7.6
56081,240,18,7.5
6824,40,3,7.5
4254,40,3,7.5
20500,40,3,7.5
78609,40,3,7.5
56039,67,5,7.5
5770,372,28,7.5
5307,27,2,7.4
25002,95,7,7.4
40291,94,7,7.4
0090,27,2,7.4
71516,148,11,7.4
6823,82,6,7.3
5781,137,10,7.3
34590,151,11,7.3
4240,55,4,7.3
59080,97,7,7.2
7211,69,5,7.2
V5811,125,9,7.2
42789,291,21,7.2
82021,503,36,7.2
99812,56,4,7.1
9679,14,1,7.1
1533,42,3,7.1
4210,42,3,7.1
29181,84,6,7.1
3383,28,2,7.1
7820,14,1,7.1
78009,56,4,7.1
59971,28,2,7.1
7384,56,4,7.1
70715,14,1,7.1
44024,112,8,7.1
4590,14,1,7.1
25092,14,1,7.1
25072,14,1,7.1
25063,14,1,7.1
485,57,4,7.0
41519,371,26,7.0
56212,230,16,7.0
73342,43,3,7.0
7224,29,2,6.9
29532,58,4,6.9
1983,87,6,6.9
1977,73,5,6.8
56985,59,4,6.8
5693,59,4,6.8
44023,73,5,6.8
28262,59,4,6.8
8670,15,1,6.7
55010,30,2,6.7
3481,15,1,6.7
6822,75,5,6.7
6110,15,1,6.7
25201,15,1,6.7
2800,75,5,6.7
53783,75,5,6.7
53250,15,1,6.7
5272,15,1,6.7
1888,31,2,6.5
5409,46,3,6.5
40391,169,11,6.5
51181,31,2,6.5
78097,169,11,6.5
28522,31,2,6.5
07999,47,3,6.4
56211,366,23,6.3
72888,79,5,6.3
99649,64,4,6.2
5305,16,1,6.2
80703,16,1,6.2
53082,16,1,6.2
5762,16,1,6.2
25040,32,2,6.2
3501,16,1,6.2
51189,16,1,6.2
4413,16,1,6.2
8600,16,1,6.2
57470,16,1,6.2
25000,16,1,6.2
99883,33,2,6.1
25013,49,3,6.1
71535,426,26,6.1
1748,33,2,6.1
V553,33,2,6.1
29660,33,2,6.1
1536,49,3,6.1
29653,33,2,6.1
03810,17,1,5.9
03812,68,4,5.9
25061,17,1,5.9
42613,34,2,5.9
2330,17,1,5.9
56210,34,2,5.9
5303,17,1,5.9
33819,17,1,5.9
5521,17,1,5.9
53100,17,1,5.9
9693,17,1,5.9
6256,17,1,5.9
2536,86,5,5.8
56969,35,2,5.7
99668,18,1,5.6
70707,18,1,5.6
4423,18,1,5.6
5691,36,2,5.6
0539,36,2,5.6
4439,36,2,5.6
53020,18,1,5.6
4168,36,2,5.6
5921,109,6,5.5
99641,55,3,5.5
8244,55,3,5.5
48242,55,3,5.5
5601,163,9,5.5
53019,38,2,5.3
9974,57,3,5.3
60001,151,8,5.3
42612,19,1,5.3
7823,19,1,5.3
1510,19,1,5.3
29680,76,4,5.3
2252,20,1,5.0
73314,20,1,5.0
29040,20,1,5.0
5370,20,1,5.0
1830,40,2,5.0
56409,20,1,5.0
29624,20,1,5.0
5130,20,1,5.0
49390,41,2,4.9
5128,41,2,4.9
9694,41,2,4.9
4412,21,1,4.8
5950,21,1,4.8
51889,21,1,4.8
20300,42,2,4.8
6820,43,2,4.7
99642,86,4,4.7
2189,22,1,4.5
193,22,1,4.5
1531,22,1,4.5
81209,22,1,4.5
30401,22,1,4.5
185,158,7,4.4
70705,23,1,4.3
53500,23,1,4.3
72610,23,1,4.3
1530,24,1,4.2
40301,24,1,4.2
41021,24,1,4.2
34982,48,2,4.2
4358,24,1,4.2
92401,24,1,4.2
99673,118,5,4.2
45340,74,3,4.1
78651,25,1,4.0
53240,76,3,3.9
53550,51,2,3.9
5363,26,1,3.8
4941,26,1,3.8
80502,26,1,3.8
27801,78,3,3.8
34839,26,1,3.8
2113,82,3,3.7
29623,27,1,3.7
490,56,2,3.6
515,85,3,3.5
48283,57,2,3.5
1570,29,1,3.4
4329,29,1,3.4
85201,30,1,3.3
9972,31,1,3.2
43889,34,1,2.9
8248,37,1,2.7
25062,39,1,2.6
81201,38,1,2.6
29654,38,1,2.6
72271,40,1,2.5
55321,83,2,2.4
6185,44,1,2.3
29644,46,1,2.2
55221,48,1,2.1
53551,48,1,2.1
496,47,1,2.1
35800,5,0,0.0
3579,1,0,0.0
35789,1,0,0.0
3576,2,0,0.0
3564,1,0,0.0
41012,1,0,0.0
41010,1,0,0.0
40599,1,0,0.0
40591,1,0,0.0
40501,3,0,0.0
40403,6,0,0.0
40402,1,0,0.0
40400,2,0,0.0
4131,2,0,0.0
41081,9,0,0.0
41080,1,0,0.0
41072,4,0,0.0
41070,2,0,0.0
41061,1,0,0.0
41042,1,0,0.0
34620,2,0,0.0
3549,1,0,0.0
3543,1,0,0.0
3542,4,0,0.0
3540,2,0,0.0
3538,1,0,0.0
3530,1,0,0.0
3529,1,0,0.0
34931,1,0,0.0
3492,2,0,0.0
4169,4,0,0.0
4149,3,0,0.0
41411,1,0,0.0
41406,1,0,0.0
42490,2,0,0.0
4242,1,0,0.0
4231,1,0,0.0
42290,2,0,0.0
4219,1,0,0.0
42099,1,0,0.0
34500,4,0,0.0
34440,2,0,0.0
3485,1,0,0.0
3484,2,0,0.0
3482,1,0,0.0
3480,2,0,0.0
34692,3,0,0.0
34691,4,0,0.0
34683,1,0,0.0
34681,1,0,0.0
42091,5,0,0.0
42689,2,0,0.0
42682,3,0,0.0
4267,1,0,0.0
42654,3,0,0.0
42653,1,0,0.0
42652,1,0,0.0
4262,1,0,0.0
42611,3,0,0.0
33818,19,0,0.0
33812,1,0,0.0
34591,12,0,0.0
34570,1,0,0.0
34551,1,0,0.0
3452,1,0,0.0
34511,2,0,0.0
4255,1,0,0.0
4279,7,0,0.0
42761,3,0,0.0
33399,1,0,0.0
33394,2,0,0.0
3441,3,0,0.0
34400,1,0,0.0
3439,1,0,0.0
34290,4,0,0.0
34120,1,0,0.0
3410,1,0,0.0
33912,1,0,0.0
3384,8,0,0.0
33828,2,0,0.0
33821,3,0,0.0
42979,1,0,0.0
4294,7,0,0.0
4292,1,0,0.0
4290,1,0,0.0
4289,1,0,0.0
33183,2,0,0.0
3373,1,0,0.0
33729,2,0,0.0
33722,1,0,0.0
33701,1,0,0.0
3369,2,0,0.0
3361,1,0,0.0
33524,1,0,0.0
33520,7,0,0.0
3341,1,0,0.0
43380,1,0,0.0
43300,3,0,0.0
4299,3,0,0.0
3202,2,0,0.0
33390,5,0,0.0
33385,1,0,0.0
33372,2,0,0.0
3336,1,0,0.0
3334,2,0,0.0
3332,8,0,0.0
3321,1,0,0.0
3319,1,0,0.0
42989,2,0,0.0
42983,5,0,0.0
4374,1,0,0.0
4373,19,0,0.0
436,10,0,0.0
4352,1,0,0.0
43490,4,0,0.0
43410,3,0,0.0
43381,1,0,0.0
4400,3,0,0.0
4389,1,0,0.0
43885,1,0,0.0
43820,12,0,0.0
43811,1,0,0.0
4380,2,0,0.0
4379,1,0,0.0
3090,13,0,0.0
3083,1,0,0.0
32723,16,0,0.0
3240,2,0,0.0
3239,1,0,0.0
32371,1,0,0.0
3229,1,0,0.0
3220,1,0,0.0
4378,1,0,0.0
4411,3,0,0.0
44100,1,0,0.0
4408,4,0,0.0
44032,2,0,0.0
44031,9,0,0.0
4441,2,0,0.0
4440,4,0,0.0
44382,1,0,0.0
4430,2,0,0.0
44284,1,0,0.0
44283,1,0,0.0
44281,2,0,0.0
4421,2,0,0.0
4420,2,0,0.0
30550,1,0,0.0
30521,1,0,0.0
3180,2,0,0.0
31401,2,0,0.0
3129,2,0,0.0
31289,3,0,0.0
31234,2,0,0.0
31230,6,0,0.0
3102,5,0,0.0
3101,2,0,0.0
3099,2,0,0.0
3094,5,0,0.0
4474,2,0,0.0
4473,1,0,0.0
4470,1,0,0.0
4467,2,0,0.0
4466,6,0,0.0
44502,1,0,0.0
44489,3,0,0.0
44481,9,0,0.0
4531,2,0,0.0
4530,1,0,0.0
45184,1,0,0.0
45183,1,0,0.0
45182,2,0,0.0
45119,4,0,0.0
45111,2,0,0.0
4510,3,0,0.0
30393,1,0,0.0
3082,1,0,0.0
3081,1,0,0.0
3079,7,0,0.0
30781,4,0,0.0
30751,2,0,0.0
3071,5,0,0.0
3069,1,0,0.0
3064,1,0,0.0
3062,1,0,0.0
3061,2,0,0.0
30591,1,0,0.0
30561,1,0,0.0
30551,1,0,0.0
4476,4,0,0.0
4555,13,0,0.0
4553,1,0,0.0
4542,3,0,0.0
4541,2,0,0.0
4540,2,0,0.0
45386,1,0,0.0
45385,1,0,0.0
45383,1,0,0.0
45382,5,0,0.0
45381,3,0,0.0
4536,1,0,0.0
45351,3,0,0.0
45350,1,0,0.0
4581,2,0,0.0
4578,4,0,0.0
4571,3,0,0.0
4568,6,0,0.0
4561,1,0,0.0
4560,2,0,0.0
4718,1,0,0.0
46619,2,0,0.0
4659,29,0,0.0
46430,1,0,0.0
46410,2,0,0.0
46400,1,0,0.0
462,3,0,0.0
4619,4,0,0.0
4618,2,0,0.0
4612,1,0,0.0
460,1,0,0.0
4599,1,0,0.0
45989,2,0,0.0
4801,1,0,0.0
47875,1,0,0.0
47874,1,0,0.0
4785,1,0,0.0
47833,2,0,0.0
47831,2,0,0.0
47829,1,0,0.0
47819,5,0,0.0
4778,1,0,0.0
475,4,0,0.0
47402,1,0,0.0
4739,5,0,0.0
4738,1,0,0.0
4732,1,0,0.0
30015,1,0,0.0
30014,1,0,0.0
30501,3,0,0.0
30491,1,0,0.0
30490,3,0,0.0
30481,2,0,0.0
30480,10,0,0.0
30471,5,0,0.0
30470,5,0,0.0
30421,6,0,0.0
30420,2,0,0.0
30411,4,0,0.0
4731,1,0,0.0
4730,5,0,0.0
48240,2,0,0.0
48239,2,0,0.0
48232,2,0,0.0
48230,9,0,0.0
30302,3,0,0.0
30301,14,0,0.0
3019,1,0,0.0
30183,3,0,0.0
3014,1,0,0.0
30113,1,0,0.0
3009,2,0,0.0
30082,1,0,0.0
3003,2,0,0.0
4809,10,0,0.0
4808,1,0,0.0
4911,3,0,0.0
4910,1,0,0.0
4878,2,0,0.0
4830,3,0,0.0
29636,1,0,0.0
29635,1,0,0.0
30011,5,0,0.0
30009,1,0,0.0
30002,4,0,0.0
30001,8,0,0.0
29990,1,0,0.0
2988,2,0,0.0
2980,1,0,0.0
2979,1,0,0.0
2978,1,0,0.0
29699,1,0,0.0
4959,4,0,0.0
4940,7,0,0.0
49321,11,0,0.0
49302,2,0,0.0
49301,1,0,0.0
49300,1,0,0.0
29592,7,0,0.0
29656,1,0,0.0
29645,1,0,0.0
4918,1,0,0.0
5100,6,0,0.0
5080,3,0,0.0
5071,1,0,0.0
5063,1,0,0.0
5060,1,0,0.0
501,1,0,0.0
500,2,0,0.0
51882,6,0,0.0
5186,1,0,0.0
5184,13,0,0.0
5183,3,0,0.0
5181,1,0,0.0
514,5,0,0.0
29535,1,0,0.0
29631,1,0,0.0
29622,1,0,0.0
29614,1,0,0.0
29604,1,0,0.0
29600,5,0,0.0
29593,1,0,0.0
52469,1,0,0.0
52462,1,0,0.0
5193,1,0,0.0
5192,1,0,0.0
51902,7,0,0.0
51901,3,0,0.0
51883,22,0,0.0
53011,12,0,0.0
5300,9,0,0.0
5289,1,0,0.0
5283,2,0,0.0
52809,1,0,0.0
52801,3,0,0.0
52800,1,0,0.0
5273,1,0,0.0
2929,3,0,0.0
29285,1,0,0.0
29584,2,0,0.0
29583,1,0,0.0
29582,2,0,0.0
29573,5,0,0.0
29572,18,0,0.0
29564,8,0,0.0
29560,4,0,0.0
29544,1,0,0.0
29540,2,0,0.0
52689,2,0,0.0
53160,1,0,0.0
53141,1,0,0.0
53130,3,0,0.0
5309,2,0,0.0
53089,5,0,0.0
53085,7,0,0.0
53084,3,0,0.0
5306,16,0,0.0
53300,1,0,0.0
53291,4,0,0.0
53290,15,0,0.0
53261,1,0,0.0
53251,1,0,0.0
53241,1,0,0.0
53230,2,0,0.0
53210,3,0,0.0
53191,1,0,0.0
2909,1,0,0.0
29533,4,0,0.0
29524,1,0,0.0
29514,4,0,0.0
29512,1,0,0.0
29504,1,0,0.0
2949,5,0,0.0
29411,3,0,0.0
29384,2,0,0.0
2930,10,0,0.0
53170,2,0,0.0
53531,2,0,0.0
53511,7,0,0.0
53490,2,0,0.0
53471,2,0,0.0
53410,1,0,0.0
28959,4,0,0.0
29283,1,0,0.0
29282,1,0,0.0
29281,31,0,0.0
29212,9,0,0.0
29211,1,0,0.0
29189,3,0,0.0
2911,1,0,0.0
53350,2,0,0.0
53784,13,0,0.0
53782,1,0,0.0
5369,1,0,0.0
5368,7,0,0.0
55120,1,0,0.0
55092,2,0,0.0
55091,3,0,0.0
55012,1,0,0.0
55001,1,0,0.0
5439,4,0,0.0
541,1,0,0.0
538,1,0,0.0
2903,7,0,0.0
29021,4,0,0.0
29013,1,0,0.0
29011,2,0,0.0
2899,1,0,0.0
28984,1,0,0.0
28982,1,0,0.0
28981,2,0,0.0
5379,2,0,0.0
5552,3,0,0.0
5551,12,0,0.0
5538,1,0,0.0
55329,4,0,0.0
5531,5,0,0.0
55229,13,0,0.0
2888,2,0,0.0
28864,1,0,0.0
28862,1,0,0.0
28860,8,0,0.0
28851,1,0,0.0
28850,1,0,0.0
28809,3,0,0.0
28802,1,0,0.0
2879,1,0,0.0
2878,2,0,0.0
55200,10,0,0.0
56031,3,0,0.0
56030,3,0,0.0
5600,4,0,0.0
5582,2,0,0.0
5568,1,0,0.0
56402,1,0,0.0
56201,1,0,0.0
56200,3,0,0.0
2819,2,0,0.0
2813,1,0,0.0
28739,1,0,0.0
2869,2,0,0.0
2866,2,0,0.0
2865,3,0,0.0
2864,2,0,0.0
2863,3,0,0.0
2861,1,0,0.0
2860,3,0,0.0
2853,3,0,0.0
56032,4,0,0.0
56729,9,0,0.0
56723,3,0,0.0
5651,3,0,0.0
5650,6,0,0.0
5649,3,0,0.0
56489,9,0,0.0
5646,1,0,0.0
5645,1,0,0.0
5642,3,0,0.0
56961,3,0,0.0
56960,4,0,0.0
5695,7,0,0.0
56941,9,0,0.0
5690,1,0,0.0
56889,4,0,0.0
5680,5,0,0.0
2771,2,0,0.0
27702,9,0,0.0
2849,1,0,0.0
28269,4,0,0.0
28264,2,0,0.0
28261,1,0,0.0
28260,1,0,0.0
28242,3,0,0.0
28241,2,0,0.0
5679,8,0,0.0
5720,6,0,0.0
5716,1,0,0.0
57142,1,0,0.0
5711,13,0,0.0
5710,2,0,0.0
570,13,0,0.0
5699,1,0,0.0
56986,1,0,0.0
56984,2,0,0.0
57440,7,0,0.0
57431,4,0,0.0
57430,8,0,0.0
57421,3,0,0.0
57411,9,0,0.0
57401,8,0,0.0
5739,1,0,0.0
5733,6,0,0.0
5730,4,0,0.0
2812,1,0,0.0
2811,2,0,0.0
2810,1,0,0.0
2808,3,0,0.0
2794,1,0,0.0
2781,2,0,0.0
27800,1,0,0.0
27788,1,0,0.0
2776,2,0,0.0
27739,2,0,0.0
27730,2,0,0.0
5723,4,0,0.0
57512,12,0,0.0
57510,22,0,0.0
57491,5,0,0.0
57490,7,0,0.0
57481,5,0,0.0
57480,19,0,0.0
57471,8,0,0.0
57461,6,0,0.0
2689,1,0,0.0
2662,6,0,0.0
27700,1,0,0.0
27652,11,0,0.0
2764,2,0,0.0
2763,1,0,0.0
57441,5,0,0.0
5790,2,0,0.0
5778,2,0,0.0
5769,1,0,0.0
5768,20,0,0.0
5759,1,0,0.0
58881,12,0,0.0
586,6,0,0.0
5859,5,0,0.0
5855,1,0,0.0
5848,3,0,0.0
5819,1,0,0.0
5809,1,0,0.0
58089,3,0,0.0
25200,7,0,0.0
27541,8,0,0.0
2752,3,0,0.0
2749,8,0,0.0
27400,1,0,0.0
2739,1,0,0.0
2738,3,0,0.0
2731,1,0,0.0
2706,1,0,0.0
2693,1,0,0.0
5798,2,0,0.0
59389,4,0,0.0
59371,1,0,0.0
59370,1,0,0.0
5934,18,0,0.0
5933,4,0,0.0
5929,1,0,0.0
59000,3,0,0.0
59654,3,0,0.0
5964,1,0,0.0
5963,2,0,0.0
5962,1,0,0.0
5960,13,0,0.0
59589,2,0,0.0
5953,1,0,0.0
5952,3,0,0.0
5951,2,0,0.0
5942,1,0,0.0
2651,1,0,0.0
2630,1,0,0.0
262,6,0,0.0
260,3,0,0.0
2599,1,0,0.0
2581,2,0,0.0
2559,2,0,0.0
2555,2,0,0.0
2521,2,0,0.0
59984,2,0,0.0
59982,2,0,0.0
59981,1,0,0.0
59970,12,0,0.0
59969,3,0,0.0
5992,1,0,0.0
5989,2,0,0.0
5969,1,0,0.0
5968,3,0,0.0
5967,6,0,0.0
60499,5,0,0.0
60490,5,0,0.0
6040,3,0,0.0
6039,1,0,0.0
6028,2,0,0.0
6019,4,0,0.0
6012,1,0,0.0
6010,6,0,0.0
60091,11,0,0.0
60021,2,0,0.0
60011,1,0,0.0
25020,3,0,0.0
2518,1,0,0.0
25093,1,0,0.0
25073,2,0,0.0
6146,2,0,0.0
6145,1,0,0.0
6144,2,0,0.0
6143,2,0,0.0
6120,1,0,0.0
6119,1,0,0.0
6111,3,0,0.0
6108,1,0,0.0
6089,1,0,0.0
60886,2,0,0.0
60883,1,0,0.0
60785,1,0,0.0
6183,26,0,0.0
6181,5,0,0.0
61804,16,0,0.0
61802,1,0,0.0
61800,3,0,0.0
6173,1,0,0.0
6172,1,0,0.0
6170,2,0,0.0
6160,2,0,0.0
2441,2,0,0.0
2440,2,0,0.0
25043,7,0,0.0
25033,2,0,0.0
25032,4,0,0.0
25031,1,0,0.0
25030,2,0,0.0
25022,18,0,0.0
25021,1,0,0.0
6151,2,0,0.0
6149,1,0,0.0
6218,1,0,0.0
62133,3,0,0.0
62130,2,0,0.0
6210,2,0,0.0
6208,1,0,0.0
6205,3,0,0.0
6200,1,0,0.0
6191,8,0,0.0
61889,10,0,0.0
632,2,0,0.0
6273,1,0,0.0
6270,1,0,0.0
6258,1,0,0.0
6253,2,0,0.0
6238,3,0,0.0
6232,1,0,0.0
6224,1,0,0.0
62212,1,0,0.0
62211,1,0,0.0
62210,2,0,0.0
64843,2,0,0.0
64841,2,0,0.0
64823,3,0,0.0
64821,1,0,0.0
64803,1,0,0.0
64683,1,0,0.0
64663,1,0,0.0
64623,1,0,0.0
64511,1,0,0.0
64421,5,0,0.0
64403,1,0,0.0
64313,1,0,0.0
63411,1,0,0.0
63390,1,0,0.0
63310,1,0,0.0
65661,1,0,0.0
65641,1,0,0.0
65611,2,0,0.0
65421,7,0,0.0
65301,1,0,0.0
65261,1,0,0.0
65231,1,0,0.0
650,1,0,0.0
64973,1,0,0.0
64941,1,0,0.0
64931,1,0,0.0
64901,1,0,0.0
2390,3,0,0.0
2388,1,0,0.0
25003,4,0,0.0
25001,1,0,0.0
24940,1,0,0.0
24901,2,0,0.0
2469,3,0,0.0
2449,11,0,0.0
2448,1,0,0.0
2443,1,0,0.0
64893,4,0,0.0
6805,1,0,0.0
67454,1,0,0.0
67434,1,0,0.0
66401,2,0,0.0
66331,2,0,0.0
66201,1,0,0.0
66131,1,0,0.0
66111,2,0,0.0
66101,1,0,0.0
66021,1,0,0.0
65971,3,0,0.0
65951,1,0,0.0
65821,1,0,0.0
65811,1,0,0.0
65801,2,0,0.0
683,1,0,0.0
68110,19,0,0.0
68102,1,0,0.0
68101,1,0,0.0
70583,2,0,0.0
7018,2,0,0.0
7015,1,0,0.0
7011,1,0,0.0
6988,1,0,0.0
6959,2,0,0.0
69589,1,0,0.0
69581,3,0,0.0
69513,3,0,0.0
6945,3,0,0.0
6944,1,0,0.0
2769,4,0,0.0
2367,5,0,0.0
2363,2,0,0.0
24280,1,0,0.0
24230,1,0,0.0
2419,2,0,0.0
2410,8,0,0.0
2409,5,0,0.0
2397,3,0,0.0
2396,6,0,0.0
2395,4,0,0.0
2394,7,0,0.0
2391,5,0,0.0
6869,3,0,0.0
7080,3,0,0.0
0340,3,0,0.0
70711,2,0,0.0
035,3,0,0.0
70706,4,0,0.0
V6284,1,0,0.0
2273,5,0,0.0
23879,4,0,0.0
23874,1,0,0.0
23873,1,0,0.0
23872,2,0,0.0
23871,3,0,0.0
2384,2,0,0.0
2381,2,0,0.0
2380,1,0,0.0
2376,1,0,0.0
2373,1,0,0.0
2370,1,0,0.0
7062,2,0,0.0
71236,1,0,0.0
71196,1,0,0.0
71107,2,0,0.0
71105,3,0,0.0
71103,1,0,0.0
71102,1,0,0.0
7104,5,0,0.0
7102,1,0,0.0
7098,2,0,0.0
7093,4,0,0.0
71537,13,0,0.0
V5489,2,0,0.0
71533,1,0,0.0
71532,1,0,0.0
71527,1,0,0.0
71526,2,0,0.0
71517,2,0,0.0
V5812,6,0,0.0
71509,2,0,0.0
71481,2,0,0.0
71694,1,0,0.0
71691,10,0,0.0
71681,1,0,0.0
71659,1,0,0.0
71655,1,0,0.0
71617,1,0,0.0
71615,2,0,0.0
71597,2,0,0.0
0049,2,0,0.0
71593,1,0,0.0
V5423,1,0,0.0
71590,4,0,0.0
71849,1,0,0.0
71846,1,0,0.0
71845,1,0,0.0
71844,1,0,0.0
71831,3,0,0.0
71801,1,0,0.0
7177,1,0,0.0
7175,1,0,0.0
71742,1,0,0.0
7173,1,0,0.0
7172,1,0,0.0
7170,1,0,0.0
71698,1,0,0.0
71697,2,0,0.0
2155,3,0,0.0
2154,1,0,0.0
2362,2,0,0.0
2358,1,0,0.0
2357,1,0,0.0
2355,1,0,0.0
2352,10,0,0.0
2337,3,0,0.0
2331,2,0,0.0
V5419,3,0,0.0
2324,1,0,0.0
2309,1,0,0.0
2304,1,0,0.0
2303,4,0,0.0
2298,1,0,0.0
71696,7,0,0.0
71695,11,0,0.0
71986,1,0,0.0
7197,8,0,0.0
71949,1,0,0.0
71947,2,0,0.0
71942,1,0,0.0
71941,6,0,0.0
71911,1,0,0.0
71900,1,0,0.0
71891,1,0,0.0
71856,1,0,0.0
72251,2,0,0.0
V5417,1,0,0.0
7222,1,0,0.0
72190,8,0,0.0
7217,1,0,0.0
72141,1,0,0.0
7212,3,0,0.0
V5415,1,0,0.0
2270,5,0,0.0
2253,1,0,0.0
V5411,1,0,0.0
2250,3,0,0.0
2233,1,0,0.0
2230,6,0,0.0
V5409,1,0,0.0
2182,1,0,0.0
2180,3,0,0.0
7202,2,0,0.0
7200,1,0,0.0
7238,3,0,0.0
7237,1,0,0.0
72293,14,0,0.0
72292,1,0,0.0
72291,5,0,0.0
72282,1,0,0.0
72280,1,0,0.0
72272,1,0,0.0
V5401,4,0,0.0
7226,5,0,0.0
7262,1,0,0.0
72619,1,0,0.0
V5332,14,0,0.0
7260,3,0,0.0
725,11,0,0.0
72479,1,0,0.0
7246,4,0,0.0
V5309,2,0,0.0
72403,3,0,0.0
20510,5,0,0.0
2150,1,0,0.0
2148,3,0,0.0
2143,3,0,0.0
2141,1,0,0.0
2131,2,0,0.0
2126,1,0,0.0
2123,4,0,0.0
2120,1,0,0.0
2118,1,0,0.0
2115,1,0,0.0
V5301,1,0,0.0
72401,1,0,0.0
72400,3,0,0.0
72767,2,0,0.0
72700,2,0,0.0
72691,1,0,0.0
72673,1,0,0.0
72671,1,0,0.0
72670,1,0,0.0
72632,1,0,0.0
7294,1,0,0.0
72939,1,0,0.0
7292,1,0,0.0
7291,4,0,0.0
V51,1,0,0.0
72885,2,0,0.0
72871,2,0,0.0
7282,1,0,0.0
72810,1,0,0.0
7280,1,0,0.0
20281,7,0,0.0
2110,1,0,0.0
2102,7,0,0.0
2101,1,0,0.0
20979,1,0,0.0
20973,1,0,0.0
20971,1,0,0.0
20961,1,0,0.0
20930,2,0,0.0
20929,2,0,0.0
20921,1,0,0.0
20903,1,0,0.0
20880,2,0,0.0
20600,2,0,0.0
7279,1,0,0.0
72789,1,0,0.0
73025,7,0,0.0
73024,2,0,0.0
73022,4,0,0.0
73021,1,0,0.0
73018,3,0,0.0
73015,2,0,0.0
73012,1,0,0.0
73007,9,0,0.0
73005,2,0,0.0
73004,2,0,0.0
72981,5,0,0.0
72972,1,0,0.0
73341,2,0,0.0
73340,1,0,0.0
73329,3,0,0.0
73319,12,0,0.0
73316,4,0,0.0
V5842,2,0,0.0
73312,2,0,0.0
7320,1,0,0.0
73095,1,0,0.0
73029,2,0,0.0
0030,7,0,0.0
73026,4,0,0.0
73641,1,0,0.0
7358,1,0,0.0
734,3,0,0.0
73399,1,0,0.0
73396,5,0,0.0
73393,1,0,0.0
73390,1,0,0.0
73381,8,0,0.0
V717,2,0,0.0
73349,1,0,0.0
73343,2,0,0.0
37739,1,0,0.0
7464,3,0,0.0
7454,1,0,0.0
74100,1,0,0.0
6930,10,0,0.0
73730,10,0,0.0
73719,1,0,0.0
73689,1,0,0.0
73672,1,0,0.0
73671,1,0,0.0
7366,6,0,0.0
73642,2,0,0.0
75451,2,0,0.0
75430,1,0,0.0
7536,1,0,0.0
75312,3,0,0.0
75310,1,0,0.0
75162,1,0,0.0
7514,1,0,0.0
7510,1,0,0.0
7504,1,0,0.0
7503,1,0,0.0
7488,1,0,0.0
7483,1,0,0.0
74781,3,0,0.0
74761,2,0,0.0
20062,2,0,0.0
20061,1,0,0.0
37730,2,0,0.0
20401,1,0,0.0
20400,7,0,0.0
20380,1,0,0.0
20310,1,0,0.0
20301,2,0,0.0
37530,1,0,0.0
20288,8,0,0.0
20287,1,0,0.0
20286,2,0,0.0
20285,4,0,0.0
20284,2,0,0.0
20283,12,0,0.0
74729,2,0,0.0
7465,1,0,0.0
78065,1,0,0.0
78062,1,0,0.0
78061,1,0,0.0
78052,2,0,0.0
37313,4,0,0.0
37005,1,0,0.0
78002,1,0,0.0
78001,1,0,0.0
75670,1,0,0.0
75615,1,0,0.0
78321,2,0,0.0
7830,5,0,0.0
7827,3,0,0.0
7824,4,0,0.0
37004,1,0,0.0
7821,1,0,0.0
3698,1,0,0.0
78199,2,0,0.0
7816,1,0,0.0
7813,12,0,0.0
7810,9,0,0.0
36900,1,0,0.0
78096,3,0,0.0
78093,1,0,0.0
7808,2,0,0.0
7856,4,0,0.0
78550,1,0,0.0
7854,5,0,0.0
7850,15,0,0.0
3689,1,0,0.0
78451,1,0,0.0
7843,2,0,0.0
7842,3,0,0.0
1986,3,0,0.0
20220,1,0,0.0
20215,1,0,0.0
20210,1,0,0.0
20203,2,0,0.0
20202,1,0,0.0
20198,2,0,0.0
20191,1,0,0.0
20190,2,0,0.0
20165,1,0,0.0
20158,1,0,0.0
20081,1,0,0.0
20080,1,0,0.0
20070,1,0,0.0
78721,1,0,0.0
78703,9,0,0.0
78702,7,0,0.0
3688,2,0,0.0
3682,1,0,0.0
78630,1,0,0.0
7862,2,0,0.0
20060,1,0,0.0
20050,1,0,0.0
20048,1,0,0.0
20040,3,0,0.0
20026,1,0,0.0
20023,1,0,0.0
1991,4,0,0.0
1990,2,0,0.0
19882,1,0,0.0
19881,2,0,0.0
1987,3,0,0.0
36816,2,0,0.0
78902,7,0,0.0
36815,1,0,0.0
78841,2,0,0.0
78833,3,0,0.0
78832,3,0,0.0
78829,4,0,0.0
7873,2,0,0.0
1911,11,0,0.0
1984,8,0,0.0
36811,1,0,0.0
1980,3,0,0.0
1978,9,0,0.0
38600,6,0,0.0
1974,5,0,0.0
1971,1,0,0.0
1965,2,0,0.0
78724,1,0,0.0
7906,2,0,0.0
7905,2,0,0.0
7904,1,0,0.0
78959,10,0,0.0
78939,3,0,0.0
7892,2,0,0.0
7891,1,0,0.0
78905,4,0,0.0
80006,1,0,0.0
80001,2,0,0.0
7999,3,0,0.0
7993,11,0,0.0
7991,4,0,0.0
7963,3,0,0.0
7960,3,0,0.0
79439,1,0,0.0
79431,3,0,0.0
79430,1,0,0.0
7936,1,0,0.0
7921,2,0,0.0
7910,2,0,0.0
80126,6,0,0.0
80125,4,0,0.0
80122,1,0,0.0
80120,3,0,0.0
80116,1,0,0.0
80115,1,0,0.0
80111,1,0,0.0
80110,1,0,0.0
80106,1,0,0.0
80101,8,0,0.0
80100,2,0,0.0
80025,1,0,0.0
80022,1,0,0.0
80020,1,0,0.0
80335,1,0,0.0
80331,1,0,0.0
80329,1,0,0.0
80321,2,0,0.0
80320,1,0,0.0
80301,1,0,0.0
8028,6,0,0.0
8026,4,0,0.0
8024,9,0,0.0
80228,2,0,0.0
80224,1,0,0.0
80222,1,0,0.0
80220,1,0,0.0
8021,2,0,0.0
1961,5,0,0.0
1953,2,0,0.0
1952,2,0,0.0
1951,1,0,0.0
1950,1,0,0.0
3831,1,0,0.0
1921,1,0,0.0
1919,5,0,0.0
1916,2,0,0.0
1914,1,0,0.0
80150,1,0,0.0
80621,1,0,0.0
80620,1,0,0.0
80605,3,0,0.0
38300,3,0,0.0
80506,3,0,0.0
80505,3,0,0.0
80504,2,0,0.0
3829,1,0,0.0
1750,1,0,0.0
1906,1,0,0.0
1901,1,0,0.0
1898,1,0,0.0
1892,9,0,0.0
38201,1,0,0.0
1886,6,0,0.0
1885,10,0,0.0
1882,8,0,0.0
80420,2,0,0.0
80841,5,0,0.0
8074,1,0,0.0
8072,11,0,0.0
80708,1,0,0.0
80707,2,0,0.0
80705,2,0,0.0
38181,2,0,0.0
80701,15,0,0.0
3813,1,0,0.0
81202,1,0,0.0
38022,2,0,0.0
81103,1,0,0.0
81101,1,0,0.0
81003,5,0,0.0
81002,4,0,0.0
81001,1,0,0.0
1719,1,0,0.0
1716,1,0,0.0
1874,1,0,0.0
1872,1,0,0.0
1869,1,0,0.0
38010,3,0,0.0
1844,15,0,0.0
1842,1,0,0.0
1840,4,0,0.0
1832,4,0,0.0
38003,1,0,0.0
1809,3,0,0.0
1759,1,0,0.0
80849,2,0,0.0
80843,3,0,0.0
81321,1,0,0.0
81318,1,0,0.0
37991,1,0,0.0
81307,1,0,0.0
81306,1,0,0.0
81253,1,0,0.0
81249,3,0,0.0
81244,2,0,0.0
81243,1,0,0.0
81242,1,0,0.0
81241,5,0,0.0
81240,1,0,0.0
81612,2,0,0.0
81611,3,0,0.0
81602,1,0,0.0
81601,1,0,0.0
81502,1,0,0.0
81400,2,0,0.0
81382,1,0,0.0
81354,1,0,0.0
81353,1,0,0.0
81352,1,0,0.0
81344,15,0,0.0
81343,2,0,0.0
37923,2,0,0.0
37855,2,0,0.0
1742,3,0,0.0
1740,2,0,0.0
1738,1,0,0.0
1737,1,0,0.0
1733,5,0,0.0
1732,1,0,0.0
1727,3,0,0.0
1726,2,0,0.0
1724,1,0,0.0
81323,1,0,0.0
81322,1,0,0.0
82111,1,0,0.0
82110,1,0,0.0
82101,46,0,0.0
37854,1,0,0.0
37851,4,0,0.0
1572,3,0,0.0
1715,4,0,0.0
1713,4,0,0.0
1710,2,0,0.0
1702,1,0,0.0
1700,1,0,0.0
1649,1,0,0.0
1642,2,0,0.0
1639,4,0,0.0
1638,2,0,0.0
82392,2,0,0.0
82382,5,0,0.0
82380,2,0,0.0
82330,1,0,0.0
82321,2,0,0.0
82320,4,0,0.0
82310,1,0,0.0
82302,9,0,0.0
82301,1,0,0.0
82133,2,0,0.0
82129,5,0,0.0
8260,1,0,0.0
82522,1,0,0.0
82521,1,0,0.0
82520,1,0,0.0
8251,1,0,0.0
8250,5,0,0.0
8249,6,0,0.0
37749,1,0,0.0
8247,1,0,0.0
8245,1,0,0.0
3942,2,0,0.0
8241,1,0,0.0
8430,1,0,0.0
8418,1,0,0.0
8409,2,0,0.0
8403,1,0,0.0
83920,2,0,0.0
83905,1,0,0.0
83904,3,0,0.0
83803,1,0,0.0
8363,1,0,0.0
83202,1,0,0.0
83101,5,0,0.0
83100,3,0,0.0
8505,14,0,0.0
8479,1,0,0.0
8472,3,0,0.0
8471,1,0,0.0
8470,5,0,0.0
8469,1,0,0.0
84509,2,0,0.0
84500,3,0,0.0
8449,10,0,0.0
8448,10,0,0.0
1537,7,0,0.0
1622,23,0,0.0
1620,1,0,0.0
1619,2,0,0.0
1618,3,0,0.0
1608,1,0,0.0
1600,1,0,0.0
1599,1,0,0.0
1589,3,0,0.0
1588,5,0,0.0
1580,4,0,0.0
3940,5,0,0.0
1578,10,0,0.0
8441,2,0,0.0
8439,3,0,0.0
85209,1,0,0.0
85206,4,0,0.0
85205,2,0,0.0
3918,4,0,0.0
3910,1,0,0.0
85186,5,0,0.0
85185,2,0,0.0
85182,4,0,0.0
85145,1,0,0.0
85140,1,0,0.0
85106,2,0,0.0
85401,1,0,0.0
85311,1,0,0.0
85310,1,0,0.0
85305,2,0,0.0
85302,2,0,0.0
85301,17,0,0.0
85241,1,0,0.0
85229,1,0,0.0
85225,3,0,0.0
85224,1,0,0.0
1515,4,0,0.0
1571,6,0,0.0
38911,1,0,0.0
1569,2,0,0.0
1562,3,0,0.0
38869,1,0,0.0
1552,4,0,0.0
38861,1,0,0.0
1548,6,0,0.0
1543,4,0,0.0
85222,12,0,0.0
86389,1,0,0.0
86355,1,0,0.0
86354,1,0,0.0
86330,2,0,0.0
86229,1,0,0.0
8620,1,0,0.0
86120,1,0,0.0
86101,1,0,0.0
8605,2,0,0.0
38830,2,0,0.0
85406,1,0,0.0
85405,1,0,0.0
8710,1,0,0.0
8708,1,0,0.0
8704,1,0,0.0
86804,1,0,0.0
86802,1,0,0.0
8678,2,0,0.0
8676,1,0,0.0
38635,4,0,0.0
86601,1,0,0.0
86509,3,0,0.0
86504,1,0,0.0
86502,1,0,0.0
86501,2,0,0.0
86409,1,0,0.0
88110,2,0,0.0
88013,1,0,0.0
88000,1,0,0.0
8799,1,0,0.0
8793,1,0,0.0
8781,1,0,0.0
8750,1,0,0.0
8738,1,0,0.0
87362,1,0,0.0
87349,2,0,0.0
87341,1,0,0.0
87322,1,0,0.0
1466,1,0,0.0
1461,1,0,0.0
38630,18,0,0.0
1535,2,0,0.0
38619,1,0,0.0
38612,3,0,0.0
3669,2,0,0.0
1528,1,0,0.0
1523,1,0,0.0
8730,9,0,0.0
8711,1,0,0.0
9173,1,0,0.0
9070,1,0,0.0
9061,1,0,0.0
90453,1,0,0.0
9033,2,0,0.0
9032,1,0,0.0
8931,1,0,0.0
8921,4,0,0.0
8911,8,0,0.0
8910,5,0,0.0
8901,2,0,0.0
8832,1,0,0.0
8821,2,0,0.0
8820,1,0,0.0
3668,1,0,0.0
92400,5,0,0.0
92320,1,0,0.0
92311,1,0,0.0
92310,1,0,0.0
92300,1,0,0.0
9228,1,0,0.0
92232,3,0,0.0
9222,6,0,0.0
9221,17,0,0.0
9220,1,0,0.0
9213,1,0,0.0
9212,1,0,0.0
94127,1,0,0.0
936,1,0,0.0
9351,14,0,0.0
9349,2,0,0.0
9348,1,0,0.0
9331,1,0,0.0
9330,2,0,0.0
92810,1,0,0.0
92421,2,0,0.0
92410,5,0,0.0
9522,1,0,0.0
95208,4,0,0.0
81311,1,0,0.0
95203,1,0,0.0
94800,1,0,0.0
94539,1,0,0.0
94536,4,0,0.0
94535,1,0,0.0
94534,2,0,0.0
94321,1,0,0.0
94234,4,0,0.0
135,10,0,0.0
1514,1,0,0.0
1512,9,0,0.0
1511,2,0,0.0
36441,1,0,0.0
1509,13,0,0.0
1508,5,0,0.0
1505,5,0,0.0
1504,2,0,0.0
1502,1,0,0.0
1501,2,0,0.0
1489,1,0,0.0
1481,3,0,0.0
94224,1,0,0.0
9635,1,0,0.0
9631,1,0,0.0
9598,1,0,0.0
9597,1,0,0.0
9596,1,0,0.0
9592,1,0,0.0
95914,1,0,0.0
95912,1,0,0.0
95901,15,0,0.0
95892,2,0,0.0
9587,1,0,0.0
9583,1,0,0.0
9582,2,0,0.0
9579,1,0,0.0
9534,1,0,0.0
9685,1,0,0.0
9680,5,0,0.0
36232,1,0,0.0
9670,2,0,0.0
9664,1,0,0.0
9661,3,0,0.0
9658,6,0,0.0
96561,1,0,0.0
9654,8,0,0.0
9651,1,0,0.0
9724,1,0,0.0
9721,5,0,0.0
9720,2,0,0.0
9713,2,0,0.0
9711,1,0,0.0
9708,9,0,0.0
9701,1,0,0.0
9697,2,0,0.0
9696,1,0,0.0
36231,1,0,0.0
36230,1,0,0.0
96909,1,0,0.0
96905,1,0,0.0
9690,7,0,0.0
986,2,0,0.0
9858,1,0,0.0
9839,1,0,0.0
9828,1,0,0.0
9802,1,0,0.0
9800,4,0,0.0
9770,1,0,0.0
9766,1,0,0.0
9760,1,0,0.0
9757,1,0,0.0
9752,2,0,0.0
9731,1,0,0.0
9730,2,0,0.0
9729,2,0,0.0
9950,2,0,0.0
9925,1,0,0.0
9923,1,0,0.0
9921,1,0,0.0
9920,4,0,0.0
9918,1,0,0.0
9916,6,0,0.0
9912,1,0,0.0
990,2,0,0.0
9899,2,0,0.0
9894,1,0,0.0
9880,1,0,0.0
9879,2,0,0.0
08882,1,0,0.0
08881,1,0,0.0
1460,4,0,0.0
1459,1,0,0.0
1452,1,0,0.0
1449,2,0,0.0
1419,1,0,0.0
1418,2,0,0.0
1412,1,0,0.0
1410,5,0,0.0
1401,1,0,0.0
1369,2,0,0.0
1368,1,0,0.0
1363,2,0,0.0
1361,1,0,0.0
9878,1,0,0.0
9876,2,0,0.0
36210,1,0,0.0
99603,1,0,0.0
99602,4,0,0.0
99589,1,0,0.0
99584,2,0,0.0
99569,1,0,0.0
9953,2,0,0.0
99529,6,0,0.0
9951,23,0,0.0
99657,3,0,0.0
99652,2,0,0.0
99651,1,0,0.0
3619,1,0,0.0
99646,17,0,0.0
99645,4,0,0.0
36100,1,0,0.0
36002,1,0,0.0
99640,4,0,0.0
0661,1,0,0.0
1307,1,0,0.0
1179,1,0,0.0
1177,1,0,0.0
11595,1,0,0.0
1125,5,0,0.0
1124,5,0,0.0
1122,11,0,0.0
1121,1,0,0.0
1120,4,0,0.0
0949,1,0,0.0
0940,3,0,0.0
36001,1,0,0.0
36000,1,0,0.0
99663,8,0,0.0
0419,1,0,0.0
0839,1,0,0.0
08249,1,0,0.0
3599,1,0,0.0
07889,1,0,0.0
0785,3,0,0.0
07070,3,0,0.0
07054,1,0,0.0
07051,3,0,0.0
07030,2,0,0.0
07022,2,0,0.0
07020,1,0,0.0
06641,1,0,0.0
99660,4,0,0.0
99659,20,0,0.0
99731,2,0,0.0
40211,2,0,0.0
99709,7,0,0.0
99701,1,0,0.0
99686,3,0,0.0
99685,1,0,0.0
99684,5,0,0.0
99683,7,0,0.0
99682,9,0,0.0
99833,1,0,0.0
9982,20,0,0.0
99813,8,0,0.0
40201,9,0,0.0
99791,1,0,0.0
9975,27,0,0.0
0549,1,0,0.0
05472,1,0,0.0
0542,1,0,0.0
05412,1,0,0.0
0540,1,0,0.0
3970,1,0,0.0
0538,2,0,0.0
05320,3,0,0.0
05319,13,0,0.0
0529,2,0,0.0
0499,1,0,0.0
0498,2,0,0.0
0479,9,0,0.0
3489,3,0,0.0
V4571,1,0,0.0
99989,1,0,0.0
99988,1,0,0.0
9994,1,0,0.0
9992,3,0,0.0
35921,1,0,0.0
99881,4,0,0.0
0414,1,0,0.0
04112,1,0,0.0
04110,1,0,0.0
04104,1,0,0.0
0400,2,0,0.0
0398,2,0,0.0
0390,1,0,0.0
03844,4,0,0.0
9984,2,0,0.0
V7189,4,0,0.0
0312,3,0,0.0
0270,5,0,0.0
V5041,1,0,0.0
V7283,1,0,0.0
01160,1,0,0.0
0093,2,0,0.0
0091,3,0,0.0
3591,1,0,0.0
00863,2,0,0.0
0085,4,0,0.0
00847,1,0,0.0
00846,1,0,0.0
00843,5,0,0.0
V5841,1,0,0.0
V652,1,0,0.0
V714,3,0,0.0
V5889,1,0,0.0
V5881,1,0,0.0
V5877,2,0,0.0
V5875,4,0,0.0
V5873,3,0,0.0
V5849,3,0,0.0
V5844,1,0,0.0
0039,1,0,0.0
0031,1,0,0.0
35801,12,0,0.0
V579,2,0,0.0
V568,1,0,0.0
V561,1,0,0.0
V554,1,0,0.0
95205,1,0,0.0
